{
  "buffers": [
    {
      "alignment": 4,
      "batch": 0,
      "channel_first": false,
      "channel_last": true,
      "epochs": {
        "end": 10,
        "start": 7
      },
      "flags": "STAI_FLAG_PREALLOCATED|STAI_FLAG_ACTIVATIONS",
      "format": "STAI_FORMAT_FLOAT",
      "id": 182,
      "intq": {},
      "is_param": false,
      "mpool_id": 0,
      "name": "activation_60_output_array",
      "nbits": 32,
      "offset_start": 4288,
      "qmn": {},
      "shape": [
        32,
        32,
        16
      ],
      "shape_map": [
        "H",
        "W",
        "CH"
      ],
      "size_bytes": 65536
    },
    {
      "alignment": 4,
      "batch": 0,
      "channel_first": false,
      "channel_last": true,
      "epochs": {
        "end": 18,
        "start": 15
      },
      "flags": "STAI_FLAG_PREALLOCATED|STAI_FLAG_ACTIVATIONS",
      "format": "STAI_FORMAT_FLOAT",
      "id": 188,
      "intq": {},
      "is_param": false,
      "mpool_id": 0,
      "name": "activation_61_output_array",
      "nbits": 32,
      "offset_start": 0,
      "qmn": {},
      "shape": [
        32,
        32,
        16
      ],
      "shape_map": [
        "H",
        "W",
        "CH"
      ],
      "size_bytes": 65536
    },
    {
      "alignment": 4,
      "batch": 0,
      "channel_first": false,
      "channel_last": true,
      "epochs": {
        "end": 28,
        "start": 25
      },
      "flags": "STAI_FLAG_PREALLOCATED|STAI_FLAG_ACTIVATIONS",
      "format": "STAI_FORMAT_FLOAT",
      "id": 196,
      "intq": {},
      "is_param": false,
      "mpool_id": 0,
      "name": "activation_62_output_array",
      "nbits": 32,
      "offset_start": 0,
      "qmn": {},
      "shape": [
        16,
        16,
        16
      ],
      "shape_map": [
        "H",
        "W",
        "CH"
      ],
      "size_bytes": 16384
    },
    {
      "alignment": 4,
      "batch": 0,
      "channel_first": false,
      "channel_last": true,
      "epochs": {
        "end": 38,
        "start": 35
      },
      "flags": "STAI_FLAG_PREALLOCATED|STAI_FLAG_ACTIVATIONS",
      "format": "STAI_FORMAT_FLOAT",
      "id": 204,
      "intq": {},
      "is_param": false,
      "mpool_id": 0,
      "name": "activation_63_output_array",
      "nbits": 32,
      "offset_start": 0,
      "qmn": {},
      "shape": [
        8,
        8,
        16
      ],
      "shape_map": [
        "H",
        "W",
        "CH"
      ],
      "size_bytes": 4096
    },
    {
      "alignment": 4,
      "batch": 0,
      "channel_first": true,
      "channel_last": true,
      "epochs": {
        "end": 1,
        "start": 0
      },
      "flags": "STAI_FLAG_WEIGHTS|STAI_FLAG_CONST|STAI_FLAG_PREALLOCATED",
      "format": "STAI_FORMAT_FLOAT",
      "id": 229,
      "intq": {},
      "is_param": true,
      "mpool_id": 1,
      "name": "batch_normalization_60_bias_array",
      "nbits": 32,
      "offset_start": 1856,
      "qmn": {},
      "shape": [
        16
      ],
      "shape_map": [
        "CH"
      ],
      "size_bytes": 64
    },
    {
      "alignment": 4,
      "batch": 0,
      "channel_first": false,
      "channel_last": true,
      "epochs": {
        "end": 13,
        "start": 9
      },
      "flags": "STAI_FLAG_PREALLOCATED|STAI_FLAG_ACTIVATIONS",
      "format": "STAI_FORMAT_FLOAT",
      "id": 184,
      "intq": {},
      "is_param": false,
      "mpool_id": 0,
      "name": "batch_normalization_60_output_array",
      "nbits": 32,
      "offset_start": 4288,
      "qmn": {},
      "shape": [
        32,
        32,
        16
      ],
      "shape_map": [
        "H",
        "W",
        "CH"
      ],
      "size_bytes": 65536
    },
    {
      "alignment": 4,
      "batch": 0,
      "channel_first": true,
      "channel_last": true,
      "epochs": {
        "end": 1,
        "start": 0
      },
      "flags": "STAI_FLAG_WEIGHTS|STAI_FLAG_CONST|STAI_FLAG_PREALLOCATED",
      "format": "STAI_FORMAT_FLOAT",
      "id": 226,
      "intq": {},
      "is_param": true,
      "mpool_id": 1,
      "name": "batch_normalization_60_scale_array",
      "nbits": 32,
      "offset_start": 1792,
      "qmn": {},
      "shape": [
        16
      ],
      "shape_map": [
        "CH"
      ],
      "size_bytes": 64
    },
    {
      "alignment": 4,
      "batch": 0,
      "channel_first": true,
      "channel_last": true,
      "epochs": {
        "end": 1,
        "start": 0
      },
      "flags": "STAI_FLAG_WEIGHTS|STAI_FLAG_CONST|STAI_FLAG_PREALLOCATED",
      "format": "STAI_FORMAT_FLOAT",
      "id": 241,
      "intq": {},
      "is_param": true,
      "mpool_id": 1,
      "name": "batch_normalization_61_bias_array",
      "nbits": 32,
      "offset_start": 11264,
      "qmn": {},
      "shape": [
        16
      ],
      "shape_map": [
        "CH"
      ],
      "size_bytes": 64
    },
    {
      "alignment": 4,
      "batch": 0,
      "channel_first": false,
      "channel_last": true,
      "epochs": {
        "end": 20,
        "start": 17
      },
      "flags": "STAI_FLAG_PREALLOCATED|STAI_FLAG_ACTIVATIONS",
      "format": "STAI_FORMAT_FLOAT",
      "id": 190,
      "intq": {},
      "is_param": false,
      "mpool_id": 0,
      "name": "batch_normalization_61_output_array",
      "nbits": 32,
      "offset_start": 0,
      "qmn": {},
      "shape": [
        32,
        32,
        16
      ],
      "shape_map": [
        "H",
        "W",
        "CH"
      ],
      "size_bytes": 65536
    },
    {
      "alignment": 4,
      "batch": 0,
      "channel_first": true,
      "channel_last": true,
      "epochs": {
        "end": 1,
        "start": 0
      },
      "flags": "STAI_FLAG_WEIGHTS|STAI_FLAG_CONST|STAI_FLAG_PREALLOCATED",
      "format": "STAI_FORMAT_FLOAT",
      "id": 238,
      "intq": {},
      "is_param": true,
      "mpool_id": 1,
      "name": "batch_normalization_61_scale_array",
      "nbits": 32,
      "offset_start": 11200,
      "qmn": {},
      "shape": [
        16
      ],
      "shape_map": [
        "CH"
      ],
      "size_bytes": 64
    },
    {
      "alignment": 4,
      "batch": 0,
      "channel_first": true,
      "channel_last": true,
      "epochs": {
        "end": 1,
        "start": 0
      },
      "flags": "STAI_FLAG_WEIGHTS|STAI_FLAG_CONST|STAI_FLAG_PREALLOCATED",
      "format": "STAI_FORMAT_FLOAT",
      "id": 253,
      "intq": {},
      "is_param": true,
      "mpool_id": 1,
      "name": "batch_normalization_62_bias_array",
      "nbits": 32,
      "offset_start": 20672,
      "qmn": {},
      "shape": [
        16
      ],
      "shape_map": [
        "CH"
      ],
      "size_bytes": 64
    },
    {
      "alignment": 4,
      "batch": 0,
      "channel_first": false,
      "channel_last": true,
      "epochs": {
        "end": 30,
        "start": 27
      },
      "flags": "STAI_FLAG_PREALLOCATED|STAI_FLAG_ACTIVATIONS",
      "format": "STAI_FORMAT_FLOAT",
      "id": 198,
      "intq": {},
      "is_param": false,
      "mpool_id": 0,
      "name": "batch_normalization_62_output_array",
      "nbits": 32,
      "offset_start": 16384,
      "qmn": {},
      "shape": [
        16,
        16,
        16
      ],
      "shape_map": [
        "H",
        "W",
        "CH"
      ],
      "size_bytes": 16384
    },
    {
      "alignment": 4,
      "batch": 0,
      "channel_first": true,
      "channel_last": true,
      "epochs": {
        "end": 1,
        "start": 0
      },
      "flags": "STAI_FLAG_WEIGHTS|STAI_FLAG_CONST|STAI_FLAG_PREALLOCATED",
      "format": "STAI_FORMAT_FLOAT",
      "id": 250,
      "intq": {},
      "is_param": true,
      "mpool_id": 1,
      "name": "batch_normalization_62_scale_array",
      "nbits": 32,
      "offset_start": 20608,
      "qmn": {},
      "shape": [
        16
      ],
      "shape_map": [
        "CH"
      ],
      "size_bytes": 64
    },
    {
      "alignment": 4,
      "batch": 0,
      "channel_first": true,
      "channel_last": true,
      "epochs": {
        "end": 1,
        "start": 0
      },
      "flags": "STAI_FLAG_WEIGHTS|STAI_FLAG_CONST|STAI_FLAG_PREALLOCATED",
      "format": "STAI_FORMAT_FLOAT",
      "id": 265,
      "intq": {},
      "is_param": true,
      "mpool_id": 1,
      "name": "batch_normalization_63_bias_array",
      "nbits": 32,
      "offset_start": 30080,
      "qmn": {},
      "shape": [
        16
      ],
      "shape_map": [
        "CH"
      ],
      "size_bytes": 64
    },
    {
      "alignment": 4,
      "batch": 0,
      "channel_first": false,
      "channel_last": true,
      "epochs": {
        "end": 40,
        "start": 37
      },
      "flags": "STAI_FLAG_PREALLOCATED|STAI_FLAG_ACTIVATIONS",
      "format": "STAI_FORMAT_FLOAT",
      "id": 206,
      "intq": {},
      "is_param": false,
      "mpool_id": 0,
      "name": "batch_normalization_63_output_array",
      "nbits": 32,
      "offset_start": 4096,
      "qmn": {},
      "shape": [
        8,
        8,
        16
      ],
      "shape_map": [
        "H",
        "W",
        "CH"
      ],
      "size_bytes": 4096
    },
    {
      "alignment": 4,
      "batch": 0,
      "channel_first": true,
      "channel_last": true,
      "epochs": {
        "end": 1,
        "start": 0
      },
      "flags": "STAI_FLAG_WEIGHTS|STAI_FLAG_CONST|STAI_FLAG_PREALLOCATED",
      "format": "STAI_FORMAT_FLOAT",
      "id": 262,
      "intq": {},
      "is_param": true,
      "mpool_id": 1,
      "name": "batch_normalization_63_scale_array",
      "nbits": 32,
      "offset_start": 30016,
      "qmn": {},
      "shape": [
        16
      ],
      "shape_map": [
        "CH"
      ],
      "size_bytes": 64
    },
    {
      "alignment": 4,
      "batch": 0,
      "channel_first": true,
      "channel_last": true,
      "epochs": {
        "end": 1,
        "start": 0
      },
      "flags": "STAI_FLAG_WEIGHTS|STAI_FLAG_CONST|STAI_FLAG_PREALLOCATED",
      "format": "STAI_FORMAT_FLOAT",
      "id": 223,
      "intq": {},
      "is_param": true,
      "mpool_id": 1,
      "name": "conv2d_60_bias_array",
      "nbits": 32,
      "offset_start": 1728,
      "qmn": {},
      "shape": [
        16
      ],
      "shape_map": [
        "CH"
      ],
      "size_bytes": 64
    },
    {
      "alignment": 4,
      "batch": 0,
      "channel_first": false,
      "channel_last": true,
      "epochs": {
        "end": 8,
        "start": 4
      },
      "flags": "STAI_FLAG_PREALLOCATED|STAI_FLAG_ACTIVATIONS",
      "format": "STAI_FORMAT_FLOAT",
      "id": 180,
      "intq": {},
      "is_param": false,
      "mpool_id": 0,
      "name": "conv2d_60_output_array",
      "nbits": 32,
      "offset_start": 4288,
      "qmn": {},
      "shape": [
        32,
        32,
        16
      ],
      "shape_map": [
        "H",
        "W",
        "CH"
      ],
      "size_bytes": 65536
    },
    {
      "alignment": 4,
      "batch": 0,
      "channel_first": false,
      "channel_last": true,
      "epochs": {
        "end": 6,
        "start": 3
      },
      "flags": "STAI_FLAG_PREALLOCATED|STAI_FLAG_ACTIVATIONS|STAI_FLAG_SCRATCHS",
      "format": "STAI_FORMAT_FLOAT",
      "id": 284,
      "intq": {},
      "is_param": false,
      "mpool_id": 0,
      "name": "conv2d_60_scratch0_array",
      "nbits": 32,
      "offset_start": 75776,
      "qmn": {},
      "shape": [
        3,
        3,
        3,
        1
      ],
      "shape_map": [
        "H",
        "W",
        "CH",
        "CH_IN"
      ],
      "size_bytes": 108
    },
    {
      "alignment": 4,
      "batch": 0,
      "channel_first": true,
      "channel_last": false,
      "epochs": {
        "end": 1,
        "start": 0
      },
      "flags": "STAI_FLAG_WEIGHTS|STAI_FLAG_CONST|STAI_FLAG_PREALLOCATED",
      "format": "STAI_FORMAT_FLOAT",
      "id": 220,
      "intq": {},
      "is_param": true,
      "mpool_id": 1,
      "name": "conv2d_60_weights_array",
      "nbits": 32,
      "offset_start": 0,
      "qmn": {},
      "shape": [
        16,
        3,
        3,
        3
      ],
      "shape_map": [
        "CH",
        "H",
        "W",
        "CH_IN"
      ],
      "size_bytes": 1728
    },
    {
      "alignment": 4,
      "batch": 0,
      "channel_first": true,
      "channel_last": true,
      "epochs": {
        "end": 1,
        "start": 0
      },
      "flags": "STAI_FLAG_WEIGHTS|STAI_FLAG_CONST|STAI_FLAG_PREALLOCATED",
      "format": "STAI_FORMAT_FLOAT",
      "id": 235,
      "intq": {},
      "is_param": true,
      "mpool_id": 1,
      "name": "conv2d_61_bias_array",
      "nbits": 32,
      "offset_start": 11136,
      "qmn": {},
      "shape": [
        16
      ],
      "shape_map": [
        "CH"
      ],
      "size_bytes": 64
    },
    {
      "alignment": 4,
      "batch": 0,
      "channel_first": false,
      "channel_last": true,
      "epochs": {
        "end": 16,
        "start": 12
      },
      "flags": "STAI_FLAG_PREALLOCATED|STAI_FLAG_ACTIVATIONS",
      "format": "STAI_FORMAT_FLOAT",
      "id": 186,
      "intq": {},
      "is_param": false,
      "mpool_id": 0,
      "name": "conv2d_61_output_array",
      "nbits": 32,
      "offset_start": 0,
      "qmn": {},
      "shape": [
        32,
        32,
        16
      ],
      "shape_map": [
        "H",
        "W",
        "CH"
      ],
      "size_bytes": 65536
    },
    {
      "alignment": 4,
      "batch": 0,
      "channel_first": false,
      "channel_last": true,
      "epochs": {
        "end": 14,
        "start": 11
      },
      "flags": "STAI_FLAG_PREALLOCATED|STAI_FLAG_ACTIVATIONS|STAI_FLAG_SCRATCHS",
      "format": "STAI_FORMAT_FLOAT",
      "id": 291,
      "intq": {},
      "is_param": false,
      "mpool_id": 0,
      "name": "conv2d_61_scratch0_array",
      "nbits": 32,
      "offset_start": 69824,
      "qmn": {},
      "shape": [
        3,
        3,
        16,
        1
      ],
      "shape_map": [
        "H",
        "W",
        "CH",
        "CH_IN"
      ],
      "size_bytes": 576
    },
    {
      "alignment": 4,
      "batch": 0,
      "channel_first": true,
      "channel_last": false,
      "epochs": {
        "end": 1,
        "start": 0
      },
      "flags": "STAI_FLAG_WEIGHTS|STAI_FLAG_CONST|STAI_FLAG_PREALLOCATED",
      "format": "STAI_FORMAT_FLOAT",
      "id": 232,
      "intq": {},
      "is_param": true,
      "mpool_id": 1,
      "name": "conv2d_61_weights_array",
      "nbits": 32,
      "offset_start": 1920,
      "qmn": {},
      "shape": [
        16,
        3,
        3,
        16
      ],
      "shape_map": [
        "CH",
        "H",
        "W",
        "CH_IN"
      ],
      "size_bytes": 9216
    },
    {
      "alignment": 4,
      "batch": 0,
      "channel_first": true,
      "channel_last": true,
      "epochs": {
        "end": 1,
        "start": 0
      },
      "flags": "STAI_FLAG_WEIGHTS|STAI_FLAG_CONST|STAI_FLAG_PREALLOCATED",
      "format": "STAI_FORMAT_FLOAT",
      "id": 247,
      "intq": {},
      "is_param": true,
      "mpool_id": 1,
      "name": "conv2d_62_bias_array",
      "nbits": 32,
      "offset_start": 20544,
      "qmn": {},
      "shape": [
        16
      ],
      "shape_map": [
        "CH"
      ],
      "size_bytes": 64
    },
    {
      "alignment": 4,
      "batch": 0,
      "channel_first": false,
      "channel_last": true,
      "epochs": {
        "end": 26,
        "start": 22
      },
      "flags": "STAI_FLAG_PREALLOCATED|STAI_FLAG_ACTIVATIONS",
      "format": "STAI_FORMAT_FLOAT",
      "id": 194,
      "intq": {},
      "is_param": false,
      "mpool_id": 0,
      "name": "conv2d_62_output_array",
      "nbits": 32,
      "offset_start": 16960,
      "qmn": {},
      "shape": [
        16,
        16,
        16
      ],
      "shape_map": [
        "H",
        "W",
        "CH"
      ],
      "size_bytes": 16384
    },
    {
      "alignment": 4,
      "batch": 0,
      "channel_first": false,
      "channel_last": true,
      "epochs": {
        "end": 24,
        "start": 21
      },
      "flags": "STAI_FLAG_PREALLOCATED|STAI_FLAG_ACTIVATIONS|STAI_FLAG_SCRATCHS",
      "format": "STAI_FORMAT_FLOAT",
      "id": 298,
      "intq": {},
      "is_param": false,
      "mpool_id": 0,
      "name": "conv2d_62_scratch0_array",
      "nbits": 32,
      "offset_start": 16384,
      "qmn": {},
      "shape": [
        3,
        3,
        16,
        1
      ],
      "shape_map": [
        "H",
        "W",
        "CH",
        "CH_IN"
      ],
      "size_bytes": 576
    },
    {
      "alignment": 4,
      "batch": 0,
      "channel_first": true,
      "channel_last": false,
      "epochs": {
        "end": 1,
        "start": 0
      },
      "flags": "STAI_FLAG_WEIGHTS|STAI_FLAG_CONST|STAI_FLAG_PREALLOCATED",
      "format": "STAI_FORMAT_FLOAT",
      "id": 244,
      "intq": {},
      "is_param": true,
      "mpool_id": 1,
      "name": "conv2d_62_weights_array",
      "nbits": 32,
      "offset_start": 11328,
      "qmn": {},
      "shape": [
        16,
        3,
        3,
        16
      ],
      "shape_map": [
        "CH",
        "H",
        "W",
        "CH_IN"
      ],
      "size_bytes": 9216
    },
    {
      "alignment": 4,
      "batch": 0,
      "channel_first": true,
      "channel_last": true,
      "epochs": {
        "end": 1,
        "start": 0
      },
      "flags": "STAI_FLAG_WEIGHTS|STAI_FLAG_CONST|STAI_FLAG_PREALLOCATED",
      "format": "STAI_FORMAT_FLOAT",
      "id": 259,
      "intq": {},
      "is_param": true,
      "mpool_id": 1,
      "name": "conv2d_63_bias_array",
      "nbits": 32,
      "offset_start": 29952,
      "qmn": {},
      "shape": [
        16
      ],
      "shape_map": [
        "CH"
      ],
      "size_bytes": 64
    },
    {
      "alignment": 4,
      "batch": 0,
      "channel_first": false,
      "channel_last": true,
      "epochs": {
        "end": 36,
        "start": 32
      },
      "flags": "STAI_FLAG_PREALLOCATED|STAI_FLAG_ACTIVATIONS",
      "format": "STAI_FORMAT_FLOAT",
      "id": 202,
      "intq": {},
      "is_param": false,
      "mpool_id": 0,
      "name": "conv2d_63_output_array",
      "nbits": 32,
      "offset_start": 4672,
      "qmn": {},
      "shape": [
        8,
        8,
        16
      ],
      "shape_map": [
        "H",
        "W",
        "CH"
      ],
      "size_bytes": 4096
    },
    {
      "alignment": 4,
      "batch": 0,
      "channel_first": false,
      "channel_last": true,
      "epochs": {
        "end": 34,
        "start": 31
      },
      "flags": "STAI_FLAG_PREALLOCATED|STAI_FLAG_ACTIVATIONS|STAI_FLAG_SCRATCHS",
      "format": "STAI_FORMAT_FLOAT",
      "id": 305,
      "intq": {},
      "is_param": false,
      "mpool_id": 0,
      "name": "conv2d_63_scratch0_array",
      "nbits": 32,
      "offset_start": 4096,
      "qmn": {},
      "shape": [
        3,
        3,
        16,
        1
      ],
      "shape_map": [
        "H",
        "W",
        "CH",
        "CH_IN"
      ],
      "size_bytes": 576
    },
    {
      "alignment": 4,
      "batch": 0,
      "channel_first": true,
      "channel_last": false,
      "epochs": {
        "end": 1,
        "start": 0
      },
      "flags": "STAI_FLAG_WEIGHTS|STAI_FLAG_CONST|STAI_FLAG_PREALLOCATED",
      "format": "STAI_FORMAT_FLOAT",
      "id": 256,
      "intq": {},
      "is_param": true,
      "mpool_id": 1,
      "name": "conv2d_63_weights_array",
      "nbits": 32,
      "offset_start": 20736,
      "qmn": {},
      "shape": [
        16,
        3,
        3,
        16
      ],
      "shape_map": [
        "CH",
        "H",
        "W",
        "CH_IN"
      ],
      "size_bytes": 9216
    },
    {
      "alignment": 4,
      "batch": 0,
      "channel_first": true,
      "channel_last": true,
      "epochs": {
        "end": 1,
        "start": 0
      },
      "flags": "STAI_FLAG_WEIGHTS|STAI_FLAG_CONST|STAI_FLAG_PREALLOCATED",
      "format": "STAI_FORMAT_FLOAT",
      "id": 271,
      "intq": {},
      "is_param": true,
      "mpool_id": 1,
      "name": "dense_30_dense_bias_array",
      "nbits": 32,
      "offset_start": 38336,
      "qmn": {},
      "shape": [
        128
      ],
      "shape_map": [
        "CH"
      ],
      "size_bytes": 512
    },
    {
      "alignment": 4,
      "batch": 0,
      "channel_first": true,
      "channel_last": true,
      "epochs": {
        "end": 46,
        "start": 43
      },
      "flags": "STAI_FLAG_PREALLOCATED|STAI_FLAG_ACTIVATIONS",
      "format": "STAI_FORMAT_FLOAT",
      "id": 212,
      "intq": {},
      "is_param": false,
      "mpool_id": 0,
      "name": "dense_30_dense_output_array",
      "nbits": 32,
      "offset_start": 0,
      "qmn": {},
      "shape": [
        128
      ],
      "shape_map": [
        "CH"
      ],
      "size_bytes": 512
    },
    {
      "alignment": 4,
      "batch": 0,
      "channel_first": true,
      "channel_last": true,
      "epochs": {
        "end": 1,
        "start": 0
      },
      "flags": "STAI_FLAG_WEIGHTS|STAI_FLAG_CONST|STAI_FLAG_PREALLOCATED",
      "format": "STAI_FORMAT_FLOAT",
      "id": 268,
      "intq": {},
      "is_param": true,
      "mpool_id": 1,
      "name": "dense_30_dense_weights_array",
      "nbits": 32,
      "offset_start": 30144,
      "qmn": {},
      "shape": [
        128,
        16
      ],
      "shape_map": [
        "CH",
        "CH_IN"
      ],
      "size_bytes": 8192
    },
    {
      "alignment": 4,
      "batch": 0,
      "channel_first": true,
      "channel_last": true,
      "epochs": {
        "end": 48,
        "start": 45
      },
      "flags": "STAI_FLAG_PREALLOCATED|STAI_FLAG_ACTIVATIONS",
      "format": "STAI_FORMAT_FLOAT",
      "id": 214,
      "intq": {},
      "is_param": false,
      "mpool_id": 0,
      "name": "dense_30_output_array",
      "nbits": 32,
      "offset_start": 512,
      "qmn": {},
      "shape": [
        128
      ],
      "shape_map": [
        "CH"
      ],
      "size_bytes": 512
    },
    {
      "alignment": 4,
      "batch": 0,
      "channel_first": true,
      "channel_last": true,
      "epochs": {
        "end": 1,
        "start": 0
      },
      "flags": "STAI_FLAG_WEIGHTS|STAI_FLAG_CONST|STAI_FLAG_PREALLOCATED",
      "format": "STAI_FORMAT_FLOAT",
      "id": 277,
      "intq": {},
      "is_param": true,
      "mpool_id": 1,
      "name": "dense_31_dense_bias_array",
      "nbits": 32,
      "offset_start": 43968,
      "qmn": {},
      "shape": [
        10
      ],
      "shape_map": [
        "CH"
      ],
      "size_bytes": 40
    },
    {
      "alignment": 4,
      "batch": 0,
      "channel_first": true,
      "channel_last": true,
      "epochs": {
        "end": 50,
        "start": 47
      },
      "flags": "STAI_FLAG_PREALLOCATED|STAI_FLAG_ACTIVATIONS",
      "format": "STAI_FORMAT_FLOAT",
      "id": 216,
      "intq": {},
      "is_param": false,
      "mpool_id": 0,
      "name": "dense_31_dense_output_array",
      "nbits": 32,
      "offset_start": 0,
      "qmn": {},
      "shape": [
        10
      ],
      "shape_map": [
        "CH"
      ],
      "size_bytes": 40
    },
    {
      "alignment": 4,
      "batch": 0,
      "channel_first": true,
      "channel_last": true,
      "epochs": {
        "end": 1,
        "start": 0
      },
      "flags": "STAI_FLAG_WEIGHTS|STAI_FLAG_CONST|STAI_FLAG_PREALLOCATED",
      "format": "STAI_FORMAT_FLOAT",
      "id": 274,
      "intq": {},
      "is_param": true,
      "mpool_id": 1,
      "name": "dense_31_dense_weights_array",
      "nbits": 32,
      "offset_start": 38848,
      "qmn": {},
      "shape": [
        10,
        128
      ],
      "shape_map": [
        "CH",
        "CH_IN"
      ],
      "size_bytes": 5120
    },
    {
      "alignment": 4,
      "batch": 0,
      "channel_first": true,
      "channel_last": true,
      "epochs": {
        "end": 51,
        "start": 49
      },
      "flags": "STAI_FLAG_OUTPUTS|STAI_FLAG_PREALLOCATED|STAI_FLAG_ACTIVATIONS",
      "format": "STAI_FORMAT_FLOAT",
      "id": 218,
      "intq": {},
      "is_param": false,
      "mpool_id": 0,
      "name": "dense_31_output_array",
      "nbits": 32,
      "offset_start": 40,
      "qmn": {},
      "shape": [
        10
      ],
      "shape_map": [
        "CH"
      ],
      "size_bytes": 40
    },
    {
      "alignment": 4,
      "batch": 0,
      "channel_first": false,
      "channel_last": true,
      "epochs": {
        "end": 44,
        "start": 41
      },
      "flags": "STAI_FLAG_PREALLOCATED|STAI_FLAG_ACTIVATIONS",
      "format": "STAI_FORMAT_FLOAT",
      "id": 210,
      "intq": {},
      "is_param": false,
      "mpool_id": 0,
      "name": "global_average_pooling2d_15_pool_output_array",
      "nbits": 32,
      "offset_start": 1024,
      "qmn": {},
      "shape": [
        1,
        1,
        16
      ],
      "shape_map": [
        "H",
        "W",
        "CH"
      ],
      "size_bytes": 64
    },
    {
      "alignment": 4,
      "batch": 0,
      "channel_first": false,
      "channel_last": true,
      "epochs": {
        "end": 5,
        "start": 2
      },
      "flags": "STAI_FLAG_INPUTS|STAI_FLAG_PREALLOCATED|STAI_FLAG_ACTIVATIONS",
      "format": "STAI_FORMAT_FLOAT",
      "id": 178,
      "intq": {},
      "is_param": false,
      "mpool_id": 0,
      "name": "input_0_output_array",
      "nbits": 32,
      "offset_start": 63488,
      "qmn": {},
      "shape": [
        32,
        32,
        3
      ],
      "shape_map": [
        "H",
        "W",
        "CH"
      ],
      "size_bytes": 12288
    },
    {
      "alignment": 4,
      "batch": 0,
      "channel_first": false,
      "channel_last": true,
      "epochs": {
        "end": 23,
        "start": 19
      },
      "flags": "STAI_FLAG_PREALLOCATED|STAI_FLAG_ACTIVATIONS",
      "format": "STAI_FORMAT_FLOAT",
      "id": 192,
      "intq": {},
      "is_param": false,
      "mpool_id": 0,
      "name": "max_pooling2d_45_output_array",
      "nbits": 32,
      "offset_start": 0,
      "qmn": {},
      "shape": [
        16,
        16,
        16
      ],
      "shape_map": [
        "H",
        "W",
        "CH"
      ],
      "size_bytes": 16384
    },
    {
      "alignment": 4,
      "batch": 0,
      "channel_first": false,
      "channel_last": true,
      "epochs": {
        "end": 33,
        "start": 29
      },
      "flags": "STAI_FLAG_PREALLOCATED|STAI_FLAG_ACTIVATIONS",
      "format": "STAI_FORMAT_FLOAT",
      "id": 200,
      "intq": {},
      "is_param": false,
      "mpool_id": 0,
      "name": "max_pooling2d_46_output_array",
      "nbits": 32,
      "offset_start": 0,
      "qmn": {},
      "shape": [
        8,
        8,
        16
      ],
      "shape_map": [
        "H",
        "W",
        "CH"
      ],
      "size_bytes": 4096
    },
    {
      "alignment": 4,
      "batch": 0,
      "channel_first": false,
      "channel_last": true,
      "epochs": {
        "end": 42,
        "start": 39
      },
      "flags": "STAI_FLAG_PREALLOCATED|STAI_FLAG_ACTIVATIONS",
      "format": "STAI_FORMAT_FLOAT",
      "id": 208,
      "intq": {},
      "is_param": false,
      "mpool_id": 0,
      "name": "max_pooling2d_47_output_array",
      "nbits": 32,
      "offset_start": 0,
      "qmn": {},
      "shape": [
        4,
        4,
        16
      ],
      "shape_map": [
        "H",
        "W",
        "CH"
      ],
      "size_bytes": 1024
    }
  ],
  "environment": {
    "generated_model": {
      "generated_time": "2025-10-28T15:33:16+0100",
      "model_files": [
        {
          "name": "cifar10_data_params.h",
          "signature": "0x12112dca5ec56c6c21a6b7ceb8b77657"
        },
        {
          "name": "cifar10_data_params.c",
          "signature": "0x3702a4bf2d34976fc2e9b224f146f395"
        },
        {
          "name": "cifar10_data.h",
          "signature": "0x49671c8996adeceda5229bc9e3b48ff3"
        },
        {
          "name": "cifar10_data.c",
          "signature": "0x36c96c30a39344985b7557b2ca55508d"
        },
        {
          "name": "cifar10_config.h",
          "signature": "0x90a69ec4fe50a39975351d3575a26eca"
        },
        {
          "name": "cifar10.h",
          "signature": "0x5200be8112cf72d1a47758e42a44045f"
        },
        {
          "name": "cifar10.c",
          "signature": "0xe832d4363ff12d3619dcd371159e3c73"
        }
      ],
      "name": "cifar10"
    },
    "network_signature": "0x59fb0a0565b0bfd7",
    "test_name": "",
    "tools": [
      {
        "arguments": "generate --target stm32l4 --name cifar10 -m C:/Users/marcs/OneDrive/Documents/Cours/Semestre 9/EMSE - Cours/IA_Embarquee/Initial_model_dataset/Model_initial/CIFAR10_VGG11_modele3-1.h5 --compression none --verbosity 1 --workspace C:/Users/marcs/AppData/Local/Temp/mxAI_workspace50005026850012558662165109461037 --output C:/Users/marcs/.stm32cubemx/cifar10_output",
        "environment": [
          "STATS_TYPE=X-CUBE-AI"
        ],
        "input_model": {
          "model_files": [
            {
              "name": "CIFAR10_VGG11_modele3-1.h5",
              "signature": "0xc6e2eaaadf2514b7de2f217da9a727a3"
            }
          ],
          "n_params": 11002,
          "name": "CIFAR10_VGG11_modele31",
          "size": 44008,
          "type": "keras"
        },
        "name": "ST.EdgeAI.Core",
        "version": "2.2.0-20266 2adc00962"
      }
    ]
  },
  "graphs": [
    {
      "edges": [
        {
          "buffer": 180,
          "edge_kind": "EDGE_MEMORY",
          "end": {
            "node_id": 26,
            "port": 0
          },
          "id": 0,
          "name": "n25-p0_n26-p0",
          "start": {
            "node_id": 25,
            "port": 0
          }
        },
        {
          "buffer": 182,
          "edge_kind": "EDGE_MEMORY",
          "end": {
            "node_id": 27,
            "port": 0
          },
          "id": 1,
          "name": "n26-p0_n27-p0",
          "start": {
            "node_id": 26,
            "port": 0
          }
        },
        {
          "buffer": 184,
          "edge_kind": "EDGE_MEMORY",
          "end": {
            "node_id": 28,
            "port": 0
          },
          "id": 2,
          "name": "n27-p0_n28-p0",
          "start": {
            "node_id": 27,
            "port": 0
          }
        },
        {
          "buffer": 186,
          "edge_kind": "EDGE_MEMORY",
          "end": {
            "node_id": 29,
            "port": 0
          },
          "id": 3,
          "name": "n28-p0_n29-p0",
          "start": {
            "node_id": 28,
            "port": 0
          }
        },
        {
          "buffer": 188,
          "edge_kind": "EDGE_MEMORY",
          "end": {
            "node_id": 30,
            "port": 0
          },
          "id": 4,
          "name": "n29-p0_n30-p0",
          "start": {
            "node_id": 29,
            "port": 0
          }
        },
        {
          "buffer": 190,
          "edge_kind": "EDGE_MEMORY",
          "end": {
            "node_id": 31,
            "port": 0
          },
          "id": 5,
          "name": "n30-p0_n31-p0",
          "start": {
            "node_id": 30,
            "port": 0
          }
        },
        {
          "buffer": 192,
          "edge_kind": "EDGE_MEMORY",
          "end": {
            "node_id": 32,
            "port": 0
          },
          "id": 6,
          "name": "n31-p0_n32-p0",
          "start": {
            "node_id": 31,
            "port": 0
          }
        },
        {
          "buffer": 194,
          "edge_kind": "EDGE_MEMORY",
          "end": {
            "node_id": 33,
            "port": 0
          },
          "id": 7,
          "name": "n32-p0_n33-p0",
          "start": {
            "node_id": 32,
            "port": 0
          }
        },
        {
          "buffer": 196,
          "edge_kind": "EDGE_MEMORY",
          "end": {
            "node_id": 34,
            "port": 0
          },
          "id": 8,
          "name": "n33-p0_n34-p0",
          "start": {
            "node_id": 33,
            "port": 0
          }
        },
        {
          "buffer": 198,
          "edge_kind": "EDGE_MEMORY",
          "end": {
            "node_id": 35,
            "port": 0
          },
          "id": 9,
          "name": "n34-p0_n35-p0",
          "start": {
            "node_id": 34,
            "port": 0
          }
        },
        {
          "buffer": 200,
          "edge_kind": "EDGE_MEMORY",
          "end": {
            "node_id": 36,
            "port": 0
          },
          "id": 10,
          "name": "n35-p0_n36-p0",
          "start": {
            "node_id": 35,
            "port": 0
          }
        },
        {
          "buffer": 202,
          "edge_kind": "EDGE_MEMORY",
          "end": {
            "node_id": 37,
            "port": 0
          },
          "id": 11,
          "name": "n36-p0_n37-p0",
          "start": {
            "node_id": 36,
            "port": 0
          }
        },
        {
          "buffer": 204,
          "edge_kind": "EDGE_MEMORY",
          "end": {
            "node_id": 38,
            "port": 0
          },
          "id": 12,
          "name": "n37-p0_n38-p0",
          "start": {
            "node_id": 37,
            "port": 0
          }
        },
        {
          "buffer": 206,
          "edge_kind": "EDGE_MEMORY",
          "end": {
            "node_id": 39,
            "port": 0
          },
          "id": 13,
          "name": "n38-p0_n39-p0",
          "start": {
            "node_id": 38,
            "port": 0
          }
        },
        {
          "buffer": 208,
          "edge_kind": "EDGE_MEMORY",
          "end": {
            "node_id": 40,
            "port": 0
          },
          "id": 14,
          "name": "n39-p0_n40-p0",
          "start": {
            "node_id": 39,
            "port": 0
          }
        },
        {
          "buffer": 210,
          "edge_kind": "EDGE_MEMORY",
          "end": {
            "node_id": 41,
            "port": 0
          },
          "id": 15,
          "name": "n40-p0_n41-p0",
          "start": {
            "node_id": 40,
            "port": 0
          }
        },
        {
          "buffer": 212,
          "edge_kind": "EDGE_MEMORY",
          "end": {
            "node_id": 42,
            "port": 0
          },
          "id": 16,
          "name": "n41-p0_n42-p0",
          "start": {
            "node_id": 41,
            "port": 0
          }
        },
        {
          "buffer": 214,
          "edge_kind": "EDGE_MEMORY",
          "end": {
            "node_id": 43,
            "port": 0
          },
          "id": 17,
          "name": "n42-p0_n43-p0",
          "start": {
            "node_id": 42,
            "port": 0
          }
        },
        {
          "buffer": 216,
          "edge_kind": "EDGE_MEMORY",
          "end": {
            "node_id": 44,
            "port": 0
          },
          "id": 18,
          "name": "n43-p0_n44-p0",
          "start": {
            "node_id": 43,
            "port": 0
          }
        }
      ],
      "id": 0,
      "inputs": [
        178
      ],
      "name": "CIFAR10_VGG11_modele31",
      "nodes": [
        {
          "attributes": {
            "dilation": "{H: 1, W: 1}",
            "filter_size": "(3, 3)",
            "groups": "1",
            "is_depthwise": "False",
            "is_grouped_conv": "False",
            "num_filters": "16",
            "pad": "{H: (1, 1), W: (1, 1)}",
            "pad_strategy": "same",
            "pad_value": "0",
            "stride": "(1, 1)",
            "use_bias": "True",
            "weights_prefetch": "True"
          },
          "description": "Conv2D",
          "id": 25,
          "inputs": [
            178,
            220,
            223
          ],
          "macc": 442384,
          "mapping": "NODE_SW",
          "name": "conv2d_60",
          "original_nodes": [
            "0"
          ],
          "outputs": [
            180
          ],
          "scratchs": [
            284
          ],
          "subgraph_nodes": [],
          "sw_functions": [
            "forward_conv2d_if32of32wf32"
          ]
        },
        {
          "attributes": {
            "nonlinearity": "relu"
          },
          "description": "Nonlinearity",
          "id": 26,
          "inputs": [
            180
          ],
          "macc": 16384,
          "mapping": "NODE_SW",
          "name": "activation_60",
          "original_nodes": [
            "1"
          ],
          "outputs": [
            182
          ],
          "scratchs": [],
          "subgraph_nodes": [],
          "sw_functions": [
            "forward_relu"
          ]
        },
        {
          "attributes": {
            "dl_axis": "-1",
            "ir_axis": "CH",
            "use_bias": "True"
          },
          "description": "ScaleBias",
          "id": 27,
          "inputs": [
            182,
            226,
            229
          ],
          "macc": 32768,
          "mapping": "NODE_SW",
          "name": "batch_normalization_60",
          "original_nodes": [
            "2"
          ],
          "outputs": [
            184
          ],
          "scratchs": [],
          "subgraph_nodes": [],
          "sw_functions": [
            "forward_bn"
          ]
        },
        {
          "attributes": {
            "dilation": "{H: 1, W: 1}",
            "filter_size": "(3, 3)",
            "groups": "1",
            "is_depthwise": "False",
            "is_grouped_conv": "False",
            "num_filters": "16",
            "pad": "{H: (1, 1), W: (1, 1)}",
            "pad_strategy": "same",
            "pad_value": "0",
            "stride": "(1, 1)",
            "use_bias": "True",
            "weights_prefetch": "True"
          },
          "description": "Conv2D",
          "id": 28,
          "inputs": [
            184,
            232,
            235
          ],
          "macc": 2359312,
          "mapping": "NODE_SW",
          "name": "conv2d_61",
          "original_nodes": [
            "3"
          ],
          "outputs": [
            186
          ],
          "scratchs": [
            291
          ],
          "subgraph_nodes": [],
          "sw_functions": [
            "forward_conv2d_if32of32wf32"
          ]
        },
        {
          "attributes": {
            "nonlinearity": "relu"
          },
          "description": "Nonlinearity",
          "id": 29,
          "inputs": [
            186
          ],
          "macc": 16384,
          "mapping": "NODE_SW",
          "name": "activation_61",
          "original_nodes": [
            "4"
          ],
          "outputs": [
            188
          ],
          "scratchs": [],
          "subgraph_nodes": [],
          "sw_functions": [
            "forward_relu"
          ]
        },
        {
          "attributes": {
            "dl_axis": "-1",
            "ir_axis": "CH",
            "use_bias": "True"
          },
          "description": "ScaleBias",
          "id": 30,
          "inputs": [
            188,
            238,
            241
          ],
          "macc": 32768,
          "mapping": "NODE_SW",
          "name": "batch_normalization_61",
          "original_nodes": [
            "6"
          ],
          "outputs": [
            190
          ],
          "scratchs": [],
          "subgraph_nodes": [],
          "sw_functions": [
            "forward_bn"
          ]
        },
        {
          "attributes": {
            "ceil_mode": "floor",
            "pool_function": "max",
            "pool_pad": "{H: (0, 0), W: (0, 0)}",
            "pool_size": "(2, 2)",
            "pool_stride": "(2, 2)"
          },
          "description": "Pool",
          "id": 31,
          "inputs": [
            190
          ],
          "macc": 16384,
          "mapping": "NODE_SW",
          "name": "max_pooling2d_45",
          "original_nodes": [
            "7"
          ],
          "outputs": [
            192
          ],
          "scratchs": [],
          "subgraph_nodes": [],
          "sw_functions": [
            "forward_mp"
          ]
        },
        {
          "attributes": {
            "dilation": "{H: 1, W: 1}",
            "filter_size": "(3, 3)",
            "groups": "1",
            "is_depthwise": "False",
            "is_grouped_conv": "False",
            "num_filters": "16",
            "pad": "{H: (1, 1), W: (1, 1)}",
            "pad_strategy": "same",
            "pad_value": "0",
            "stride": "(1, 1)",
            "use_bias": "True",
            "weights_prefetch": "True"
          },
          "description": "Conv2D",
          "id": 32,
          "inputs": [
            192,
            244,
            247
          ],
          "macc": 589840,
          "mapping": "NODE_SW",
          "name": "conv2d_62",
          "original_nodes": [
            "8"
          ],
          "outputs": [
            194
          ],
          "scratchs": [
            298
          ],
          "subgraph_nodes": [],
          "sw_functions": [
            "forward_conv2d_if32of32wf32"
          ]
        },
        {
          "attributes": {
            "nonlinearity": "relu"
          },
          "description": "Nonlinearity",
          "id": 33,
          "inputs": [
            194
          ],
          "macc": 4096,
          "mapping": "NODE_SW",
          "name": "activation_62",
          "original_nodes": [
            "9"
          ],
          "outputs": [
            196
          ],
          "scratchs": [],
          "subgraph_nodes": [],
          "sw_functions": [
            "forward_relu"
          ]
        },
        {
          "attributes": {
            "dl_axis": "-1",
            "ir_axis": "CH",
            "use_bias": "True"
          },
          "description": "ScaleBias",
          "id": 34,
          "inputs": [
            196,
            250,
            253
          ],
          "macc": 8192,
          "mapping": "NODE_SW",
          "name": "batch_normalization_62",
          "original_nodes": [
            "10"
          ],
          "outputs": [
            198
          ],
          "scratchs": [],
          "subgraph_nodes": [],
          "sw_functions": [
            "forward_bn"
          ]
        },
        {
          "attributes": {
            "ceil_mode": "floor",
            "pool_function": "max",
            "pool_pad": "{H: (0, 0), W: (0, 0)}",
            "pool_size": "(2, 2)",
            "pool_stride": "(2, 2)"
          },
          "description": "Pool",
          "id": 35,
          "inputs": [
            198
          ],
          "macc": 4096,
          "mapping": "NODE_SW",
          "name": "max_pooling2d_46",
          "original_nodes": [
            "11"
          ],
          "outputs": [
            200
          ],
          "scratchs": [],
          "subgraph_nodes": [],
          "sw_functions": [
            "forward_mp"
          ]
        },
        {
          "attributes": {
            "dilation": "{H: 1, W: 1}",
            "filter_size": "(3, 3)",
            "groups": "1",
            "is_depthwise": "False",
            "is_grouped_conv": "False",
            "num_filters": "16",
            "pad": "{H: (1, 1), W: (1, 1)}",
            "pad_strategy": "same",
            "pad_value": "0",
            "stride": "(1, 1)",
            "use_bias": "True",
            "weights_prefetch": "True"
          },
          "description": "Conv2D",
          "id": 36,
          "inputs": [
            200,
            256,
            259
          ],
          "macc": 147472,
          "mapping": "NODE_SW",
          "name": "conv2d_63",
          "original_nodes": [
            "12"
          ],
          "outputs": [
            202
          ],
          "scratchs": [
            305
          ],
          "subgraph_nodes": [],
          "sw_functions": [
            "forward_conv2d_if32of32wf32"
          ]
        },
        {
          "attributes": {
            "nonlinearity": "relu"
          },
          "description": "Nonlinearity",
          "id": 37,
          "inputs": [
            202
          ],
          "macc": 1024,
          "mapping": "NODE_SW",
          "name": "activation_63",
          "original_nodes": [
            "13"
          ],
          "outputs": [
            204
          ],
          "scratchs": [],
          "subgraph_nodes": [],
          "sw_functions": [
            "forward_relu"
          ]
        },
        {
          "attributes": {
            "dl_axis": "-1",
            "ir_axis": "CH",
            "use_bias": "True"
          },
          "description": "ScaleBias",
          "id": 38,
          "inputs": [
            204,
            262,
            265
          ],
          "macc": 2048,
          "mapping": "NODE_SW",
          "name": "batch_normalization_63",
          "original_nodes": [
            "15"
          ],
          "outputs": [
            206
          ],
          "scratchs": [],
          "subgraph_nodes": [],
          "sw_functions": [
            "forward_bn"
          ]
        },
        {
          "attributes": {
            "ceil_mode": "floor",
            "pool_function": "max",
            "pool_pad": "{H: (0, 0), W: (0, 0)}",
            "pool_size": "(2, 2)",
            "pool_stride": "(2, 2)"
          },
          "description": "Pool",
          "id": 39,
          "inputs": [
            206
          ],
          "macc": 1024,
          "mapping": "NODE_SW",
          "name": "max_pooling2d_47",
          "original_nodes": [
            "16"
          ],
          "outputs": [
            208
          ],
          "scratchs": [],
          "subgraph_nodes": [],
          "sw_functions": [
            "forward_mp"
          ]
        },
        {
          "attributes": {
            "pool_function": "avg",
            "pool_pad": "{H: (0, 0), W: (0, 0)}",
            "pool_size": "(4, 4)",
            "pool_stride": "(4, 4)"
          },
          "description": "Pool",
          "id": 40,
          "inputs": [
            208
          ],
          "macc": 256,
          "mapping": "NODE_SW",
          "name": "global_average_pooling2d_15_pool",
          "original_nodes": [
            "17"
          ],
          "outputs": [
            210
          ],
          "scratchs": [],
          "subgraph_nodes": [],
          "sw_functions": [
            "forward_ap"
          ]
        },
        {
          "attributes": {
            "num_units": "128",
            "use_bias": "True"
          },
          "description": "Dense",
          "id": 41,
          "inputs": [
            210,
            268,
            271
          ],
          "macc": 2176,
          "mapping": "NODE_SW",
          "name": "dense_30_dense",
          "original_nodes": [
            "18"
          ],
          "outputs": [
            212
          ],
          "scratchs": [],
          "subgraph_nodes": [],
          "sw_functions": [
            "forward_dense"
          ]
        },
        {
          "attributes": {
            "nonlinearity": "relu"
          },
          "description": "Nonlinearity",
          "id": 42,
          "inputs": [
            212
          ],
          "macc": 128,
          "mapping": "NODE_SW",
          "name": "dense_30",
          "original_nodes": [
            "18"
          ],
          "outputs": [
            214
          ],
          "scratchs": [],
          "subgraph_nodes": [],
          "sw_functions": [
            "forward_relu"
          ]
        },
        {
          "attributes": {
            "num_units": "10",
            "use_bias": "True"
          },
          "description": "Dense",
          "id": 43,
          "inputs": [
            214,
            274,
            277
          ],
          "macc": 1290,
          "mapping": "NODE_SW",
          "name": "dense_31_dense",
          "original_nodes": [
            "20"
          ],
          "outputs": [
            216
          ],
          "scratchs": [],
          "subgraph_nodes": [],
          "sw_functions": [
            "forward_dense"
          ]
        },
        {
          "attributes": {
            "axis": "CH",
            "nonlinearity": "softmax",
            "orig_axis": "-1"
          },
          "description": "Nonlinearity",
          "id": 44,
          "inputs": [
            216
          ],
          "macc": 150,
          "mapping": "NODE_SW",
          "name": "dense_31",
          "original_nodes": [
            "20"
          ],
          "outputs": [
            218
          ],
          "scratchs": [],
          "subgraph_nodes": [],
          "sw_functions": [
            "forward_sm"
          ]
        }
      ],
      "original_inputs": [
        {
          "c_shape_map": [],
          "data_format": {
            "quantizer": "NONE",
            "scale": [],
            "size": 32,
            "type": "FLOAT",
            "zero": []
          },
          "name": "input_0",
          "shape": [
            null,
            32,
            32,
            3
          ],
          "shape_map": [
            "BATCH",
            "H",
            "W",
            "CH"
          ]
        }
      ],
      "original_outputs": [
        {
          "c_shape_map": [],
          "data_format": {
            "quantizer": "NONE",
            "scale": [],
            "size": 32,
            "type": "FLOAT",
            "zero": []
          },
          "name": "dense_31",
          "shape": [
            1,
            10
          ],
          "shape_map": [
            "BATCH",
            "CH"
          ]
        }
      ],
      "outputs": [
        218
      ]
    }
  ],
  "json_schema_version": "2.0",
  "memory_footprint": {
    "activations": 75884,
    "io": [
      0,
      0
    ],
    "kernel_flash": 18138,
    "kernel_ram": 6180,
    "series": "stm32l4",
    "toolchain": "arm-none-eabi-gcc (GNU Tools for STM32 13.3.rel1.20240926-1715) 13.3.1 20240614",
    "toolchain_flash": 638,
    "toolchain_ram": 0,
    "weights": 44008
  },
  "memory_pools": [
    {
      "address": "NULL",
      "alignment": 4,
      "attributes": {
        "latency": "HIGH",
        "score": 768,
        "throughput": "LOW"
      },
      "buffers": [
        178,
        180,
        182,
        184,
        186,
        188,
        190,
        192,
        194,
        196,
        198,
        200,
        202,
        204,
        206,
        208,
        210,
        212,
        214,
        216,
        218,
        284,
        291,
        298,
        305
      ],
      "id": 0,
      "name": "heap_overlay_pool",
      "offset_start": 0,
      "persistent": false,
      "rights": "ACC_WRITE",
      "size_bytes": -1,
      "subpools": [],
      "used_size_bytes": 75884,
      "user_allocated": false,
      "virtual": false
    },
    {
      "address": "s_cifar10_weights_array_u64",
      "alignment": 0,
      "attributes": {
        "latency": "UNDEF",
        "score": 0,
        "throughput": "UNDEF"
      },
      "buffers": [
        220,
        223,
        226,
        229,
        232,
        235,
        238,
        241,
        244,
        247,
        250,
        253,
        256,
        259,
        262,
        265,
        268,
        271,
        274,
        277
      ],
      "id": 1,
      "name": "weights_array",
      "offset_start": 0,
      "persistent": true,
      "rights": "ACC_READ",
      "size_bytes": -1,
      "subpools": [],
      "used_size_bytes": 44008,
      "user_allocated": false,
      "virtual": false
    }
  ]
}