{
  "buffers": [
    {
      "alignment": 4,
      "batch": 0,
      "channel_first": false,
      "channel_last": true,
      "epochs": {
        "end": 18,
        "start": 15
      },
      "flags": "STAI_FLAG_PREALLOCATED|STAI_FLAG_ACTIVATIONS",
      "format": "STAI_FORMAT_FLOAT",
      "id": 188,
      "intq": {},
      "is_param": false,
      "mpool_id": 0,
      "name": "activation_1_output_array",
      "nbits": 32,
      "offset_start": 3820,
      "qmn": {},
      "shape": [
        32,
        32,
        32
      ],
      "shape_map": [
        "H",
        "W",
        "CH"
      ],
      "size_bytes": 131072
    },
    {
      "alignment": 4,
      "batch": 0,
      "channel_first": false,
      "channel_last": true,
      "epochs": {
        "end": 28,
        "start": 25
      },
      "flags": "STAI_FLAG_PREALLOCATED|STAI_FLAG_ACTIVATIONS",
      "format": "STAI_FORMAT_FLOAT",
      "id": 196,
      "intq": {},
      "is_param": false,
      "mpool_id": 0,
      "name": "activation_2_output_array",
      "nbits": 32,
      "offset_start": 0,
      "qmn": {},
      "shape": [
        16,
        16,
        32
      ],
      "shape_map": [
        "H",
        "W",
        "CH"
      ],
      "size_bytes": 32768
    },
    {
      "alignment": 4,
      "batch": 0,
      "channel_first": false,
      "channel_last": true,
      "epochs": {
        "end": 38,
        "start": 35
      },
      "flags": "STAI_FLAG_PREALLOCATED|STAI_FLAG_ACTIVATIONS",
      "format": "STAI_FORMAT_FLOAT",
      "id": 204,
      "intq": {},
      "is_param": false,
      "mpool_id": 0,
      "name": "activation_3_output_array",
      "nbits": 32,
      "offset_start": 0,
      "qmn": {},
      "shape": [
        8,
        8,
        32
      ],
      "shape_map": [
        "H",
        "W",
        "CH"
      ],
      "size_bytes": 8192
    },
    {
      "alignment": 4,
      "batch": 0,
      "channel_first": false,
      "channel_last": true,
      "epochs": {
        "end": 10,
        "start": 7
      },
      "flags": "STAI_FLAG_PREALLOCATED|STAI_FLAG_ACTIVATIONS",
      "format": "STAI_FORMAT_FLOAT",
      "id": 182,
      "intq": {},
      "is_param": false,
      "mpool_id": 0,
      "name": "activation_output_array",
      "nbits": 32,
      "offset_start": 12396,
      "qmn": {},
      "shape": [
        32,
        32,
        32
      ],
      "shape_map": [
        "H",
        "W",
        "CH"
      ],
      "size_bytes": 131072
    },
    {
      "alignment": 4,
      "batch": 0,
      "channel_first": true,
      "channel_last": true,
      "epochs": {
        "end": 1,
        "start": 0
      },
      "flags": "STAI_FLAG_WEIGHTS|STAI_FLAG_CONST|STAI_FLAG_PREALLOCATED",
      "format": "STAI_FORMAT_FLOAT",
      "id": 241,
      "intq": {},
      "is_param": true,
      "mpool_id": 1,
      "name": "batch_normalization_1_bias_array",
      "nbits": 32,
      "offset_start": 40960,
      "qmn": {},
      "shape": [
        32
      ],
      "shape_map": [
        "CH"
      ],
      "size_bytes": 128
    },
    {
      "alignment": 4,
      "batch": 0,
      "channel_first": false,
      "channel_last": true,
      "epochs": {
        "end": 20,
        "start": 17
      },
      "flags": "STAI_FLAG_PREALLOCATED|STAI_FLAG_ACTIVATIONS",
      "format": "STAI_FORMAT_FLOAT",
      "id": 190,
      "intq": {},
      "is_param": false,
      "mpool_id": 0,
      "name": "batch_normalization_1_output_array",
      "nbits": 32,
      "offset_start": 3820,
      "qmn": {},
      "shape": [
        32,
        32,
        32
      ],
      "shape_map": [
        "H",
        "W",
        "CH"
      ],
      "size_bytes": 131072
    },
    {
      "alignment": 4,
      "batch": 0,
      "channel_first": true,
      "channel_last": true,
      "epochs": {
        "end": 1,
        "start": 0
      },
      "flags": "STAI_FLAG_WEIGHTS|STAI_FLAG_CONST|STAI_FLAG_PREALLOCATED",
      "format": "STAI_FORMAT_FLOAT",
      "id": 238,
      "intq": {},
      "is_param": true,
      "mpool_id": 1,
      "name": "batch_normalization_1_scale_array",
      "nbits": 32,
      "offset_start": 40832,
      "qmn": {},
      "shape": [
        32
      ],
      "shape_map": [
        "CH"
      ],
      "size_bytes": 128
    },
    {
      "alignment": 4,
      "batch": 0,
      "channel_first": true,
      "channel_last": true,
      "epochs": {
        "end": 1,
        "start": 0
      },
      "flags": "STAI_FLAG_WEIGHTS|STAI_FLAG_CONST|STAI_FLAG_PREALLOCATED",
      "format": "STAI_FORMAT_FLOAT",
      "id": 253,
      "intq": {},
      "is_param": true,
      "mpool_id": 1,
      "name": "batch_normalization_2_bias_array",
      "nbits": 32,
      "offset_start": 78208,
      "qmn": {},
      "shape": [
        32
      ],
      "shape_map": [
        "CH"
      ],
      "size_bytes": 128
    },
    {
      "alignment": 4,
      "batch": 0,
      "channel_first": false,
      "channel_last": true,
      "epochs": {
        "end": 30,
        "start": 27
      },
      "flags": "STAI_FLAG_PREALLOCATED|STAI_FLAG_ACTIVATIONS",
      "format": "STAI_FORMAT_FLOAT",
      "id": 198,
      "intq": {},
      "is_param": false,
      "mpool_id": 0,
      "name": "batch_normalization_2_output_array",
      "nbits": 32,
      "offset_start": 32768,
      "qmn": {},
      "shape": [
        16,
        16,
        32
      ],
      "shape_map": [
        "H",
        "W",
        "CH"
      ],
      "size_bytes": 32768
    },
    {
      "alignment": 4,
      "batch": 0,
      "channel_first": true,
      "channel_last": true,
      "epochs": {
        "end": 1,
        "start": 0
      },
      "flags": "STAI_FLAG_WEIGHTS|STAI_FLAG_CONST|STAI_FLAG_PREALLOCATED",
      "format": "STAI_FORMAT_FLOAT",
      "id": 250,
      "intq": {},
      "is_param": true,
      "mpool_id": 1,
      "name": "batch_normalization_2_scale_array",
      "nbits": 32,
      "offset_start": 78080,
      "qmn": {},
      "shape": [
        32
      ],
      "shape_map": [
        "CH"
      ],
      "size_bytes": 128
    },
    {
      "alignment": 4,
      "batch": 0,
      "channel_first": true,
      "channel_last": true,
      "epochs": {
        "end": 1,
        "start": 0
      },
      "flags": "STAI_FLAG_WEIGHTS|STAI_FLAG_CONST|STAI_FLAG_PREALLOCATED",
      "format": "STAI_FORMAT_FLOAT",
      "id": 265,
      "intq": {},
      "is_param": true,
      "mpool_id": 1,
      "name": "batch_normalization_3_bias_array",
      "nbits": 32,
      "offset_start": 115456,
      "qmn": {},
      "shape": [
        32
      ],
      "shape_map": [
        "CH"
      ],
      "size_bytes": 128
    },
    {
      "alignment": 4,
      "batch": 0,
      "channel_first": false,
      "channel_last": true,
      "epochs": {
        "end": 40,
        "start": 37
      },
      "flags": "STAI_FLAG_PREALLOCATED|STAI_FLAG_ACTIVATIONS",
      "format": "STAI_FORMAT_FLOAT",
      "id": 206,
      "intq": {},
      "is_param": false,
      "mpool_id": 0,
      "name": "batch_normalization_3_output_array",
      "nbits": 32,
      "offset_start": 8192,
      "qmn": {},
      "shape": [
        8,
        8,
        32
      ],
      "shape_map": [
        "H",
        "W",
        "CH"
      ],
      "size_bytes": 8192
    },
    {
      "alignment": 4,
      "batch": 0,
      "channel_first": true,
      "channel_last": true,
      "epochs": {
        "end": 1,
        "start": 0
      },
      "flags": "STAI_FLAG_WEIGHTS|STAI_FLAG_CONST|STAI_FLAG_PREALLOCATED",
      "format": "STAI_FORMAT_FLOAT",
      "id": 262,
      "intq": {},
      "is_param": true,
      "mpool_id": 1,
      "name": "batch_normalization_3_scale_array",
      "nbits": 32,
      "offset_start": 115328,
      "qmn": {},
      "shape": [
        32
      ],
      "shape_map": [
        "CH"
      ],
      "size_bytes": 128
    },
    {
      "alignment": 4,
      "batch": 0,
      "channel_first": true,
      "channel_last": true,
      "epochs": {
        "end": 1,
        "start": 0
      },
      "flags": "STAI_FLAG_WEIGHTS|STAI_FLAG_CONST|STAI_FLAG_PREALLOCATED",
      "format": "STAI_FORMAT_FLOAT",
      "id": 229,
      "intq": {},
      "is_param": true,
      "mpool_id": 1,
      "name": "batch_normalization_bias_array",
      "nbits": 32,
      "offset_start": 3712,
      "qmn": {},
      "shape": [
        32
      ],
      "shape_map": [
        "CH"
      ],
      "size_bytes": 128
    },
    {
      "alignment": 4,
      "batch": 0,
      "channel_first": false,
      "channel_last": true,
      "epochs": {
        "end": 13,
        "start": 9
      },
      "flags": "STAI_FLAG_PREALLOCATED|STAI_FLAG_ACTIVATIONS",
      "format": "STAI_FORMAT_FLOAT",
      "id": 184,
      "intq": {},
      "is_param": false,
      "mpool_id": 0,
      "name": "batch_normalization_output_array",
      "nbits": 32,
      "offset_start": 12396,
      "qmn": {},
      "shape": [
        32,
        32,
        32
      ],
      "shape_map": [
        "H",
        "W",
        "CH"
      ],
      "size_bytes": 131072
    },
    {
      "alignment": 4,
      "batch": 0,
      "channel_first": true,
      "channel_last": true,
      "epochs": {
        "end": 1,
        "start": 0
      },
      "flags": "STAI_FLAG_WEIGHTS|STAI_FLAG_CONST|STAI_FLAG_PREALLOCATED",
      "format": "STAI_FORMAT_FLOAT",
      "id": 226,
      "intq": {},
      "is_param": true,
      "mpool_id": 1,
      "name": "batch_normalization_scale_array",
      "nbits": 32,
      "offset_start": 3584,
      "qmn": {},
      "shape": [
        32
      ],
      "shape_map": [
        "CH"
      ],
      "size_bytes": 128
    },
    {
      "alignment": 4,
      "batch": 0,
      "channel_first": true,
      "channel_last": true,
      "epochs": {
        "end": 1,
        "start": 0
      },
      "flags": "STAI_FLAG_WEIGHTS|STAI_FLAG_CONST|STAI_FLAG_PREALLOCATED",
      "format": "STAI_FORMAT_FLOAT",
      "id": 235,
      "intq": {},
      "is_param": true,
      "mpool_id": 1,
      "name": "conv2d_1_bias_array",
      "nbits": 32,
      "offset_start": 40704,
      "qmn": {},
      "shape": [
        32
      ],
      "shape_map": [
        "CH"
      ],
      "size_bytes": 128
    },
    {
      "alignment": 4,
      "batch": 0,
      "channel_first": false,
      "channel_last": true,
      "epochs": {
        "end": 16,
        "start": 12
      },
      "flags": "STAI_FLAG_PREALLOCATED|STAI_FLAG_ACTIVATIONS",
      "format": "STAI_FORMAT_FLOAT",
      "id": 186,
      "intq": {},
      "is_param": false,
      "mpool_id": 0,
      "name": "conv2d_1_output_array",
      "nbits": 32,
      "offset_start": 3820,
      "qmn": {},
      "shape": [
        32,
        32,
        32
      ],
      "shape_map": [
        "H",
        "W",
        "CH"
      ],
      "size_bytes": 131072
    },
    {
      "alignment": 4,
      "batch": 0,
      "channel_first": false,
      "channel_last": true,
      "epochs": {
        "end": 14,
        "start": 11
      },
      "flags": "STAI_FLAG_PREALLOCATED|STAI_FLAG_ACTIVATIONS|STAI_FLAG_SCRATCHS",
      "format": "STAI_FORMAT_FLOAT",
      "id": 291,
      "intq": {},
      "is_param": false,
      "mpool_id": 0,
      "name": "conv2d_1_scratch0_array",
      "nbits": 32,
      "offset_start": 0,
      "qmn": {},
      "shape": [
        3,
        3,
        32,
        1
      ],
      "shape_map": [
        "H",
        "W",
        "CH",
        "CH_IN"
      ],
      "size_bytes": 1152
    },
    {
      "alignment": 4,
      "batch": 0,
      "channel_first": true,
      "channel_last": false,
      "epochs": {
        "end": 1,
        "start": 0
      },
      "flags": "STAI_FLAG_WEIGHTS|STAI_FLAG_CONST|STAI_FLAG_PREALLOCATED",
      "format": "STAI_FORMAT_FLOAT",
      "id": 232,
      "intq": {},
      "is_param": true,
      "mpool_id": 1,
      "name": "conv2d_1_weights_array",
      "nbits": 32,
      "offset_start": 3840,
      "qmn": {},
      "shape": [
        32,
        3,
        3,
        32
      ],
      "shape_map": [
        "CH",
        "H",
        "W",
        "CH_IN"
      ],
      "size_bytes": 36864
    },
    {
      "alignment": 4,
      "batch": 0,
      "channel_first": true,
      "channel_last": true,
      "epochs": {
        "end": 1,
        "start": 0
      },
      "flags": "STAI_FLAG_WEIGHTS|STAI_FLAG_CONST|STAI_FLAG_PREALLOCATED",
      "format": "STAI_FORMAT_FLOAT",
      "id": 247,
      "intq": {},
      "is_param": true,
      "mpool_id": 1,
      "name": "conv2d_2_bias_array",
      "nbits": 32,
      "offset_start": 77952,
      "qmn": {},
      "shape": [
        32
      ],
      "shape_map": [
        "CH"
      ],
      "size_bytes": 128
    },
    {
      "alignment": 4,
      "batch": 0,
      "channel_first": false,
      "channel_last": true,
      "epochs": {
        "end": 26,
        "start": 22
      },
      "flags": "STAI_FLAG_PREALLOCATED|STAI_FLAG_ACTIVATIONS",
      "format": "STAI_FORMAT_FLOAT",
      "id": 194,
      "intq": {},
      "is_param": false,
      "mpool_id": 0,
      "name": "conv2d_2_output_array",
      "nbits": 32,
      "offset_start": 36588,
      "qmn": {},
      "shape": [
        16,
        16,
        32
      ],
      "shape_map": [
        "H",
        "W",
        "CH"
      ],
      "size_bytes": 32768
    },
    {
      "alignment": 4,
      "batch": 0,
      "channel_first": false,
      "channel_last": true,
      "epochs": {
        "end": 24,
        "start": 21
      },
      "flags": "STAI_FLAG_PREALLOCATED|STAI_FLAG_ACTIVATIONS|STAI_FLAG_SCRATCHS",
      "format": "STAI_FORMAT_FLOAT",
      "id": 298,
      "intq": {},
      "is_param": false,
      "mpool_id": 0,
      "name": "conv2d_2_scratch0_array",
      "nbits": 32,
      "offset_start": 0,
      "qmn": {},
      "shape": [
        3,
        3,
        32,
        1
      ],
      "shape_map": [
        "H",
        "W",
        "CH",
        "CH_IN"
      ],
      "size_bytes": 1152
    },
    {
      "alignment": 4,
      "batch": 0,
      "channel_first": true,
      "channel_last": false,
      "epochs": {
        "end": 1,
        "start": 0
      },
      "flags": "STAI_FLAG_WEIGHTS|STAI_FLAG_CONST|STAI_FLAG_PREALLOCATED",
      "format": "STAI_FORMAT_FLOAT",
      "id": 244,
      "intq": {},
      "is_param": true,
      "mpool_id": 1,
      "name": "conv2d_2_weights_array",
      "nbits": 32,
      "offset_start": 41088,
      "qmn": {},
      "shape": [
        32,
        3,
        3,
        32
      ],
      "shape_map": [
        "CH",
        "H",
        "W",
        "CH_IN"
      ],
      "size_bytes": 36864
    },
    {
      "alignment": 4,
      "batch": 0,
      "channel_first": true,
      "channel_last": true,
      "epochs": {
        "end": 1,
        "start": 0
      },
      "flags": "STAI_FLAG_WEIGHTS|STAI_FLAG_CONST|STAI_FLAG_PREALLOCATED",
      "format": "STAI_FORMAT_FLOAT",
      "id": 259,
      "intq": {},
      "is_param": true,
      "mpool_id": 1,
      "name": "conv2d_3_bias_array",
      "nbits": 32,
      "offset_start": 115200,
      "qmn": {},
      "shape": [
        32
      ],
      "shape_map": [
        "CH"
      ],
      "size_bytes": 128
    },
    {
      "alignment": 4,
      "batch": 0,
      "channel_first": false,
      "channel_last": true,
      "epochs": {
        "end": 36,
        "start": 32
      },
      "flags": "STAI_FLAG_PREALLOCATED|STAI_FLAG_ACTIVATIONS",
      "format": "STAI_FORMAT_FLOAT",
      "id": 202,
      "intq": {},
      "is_param": false,
      "mpool_id": 0,
      "name": "conv2d_3_output_array",
      "nbits": 32,
      "offset_start": 9344,
      "qmn": {},
      "shape": [
        8,
        8,
        32
      ],
      "shape_map": [
        "H",
        "W",
        "CH"
      ],
      "size_bytes": 8192
    },
    {
      "alignment": 4,
      "batch": 0,
      "channel_first": false,
      "channel_last": true,
      "epochs": {
        "end": 34,
        "start": 31
      },
      "flags": "STAI_FLAG_PREALLOCATED|STAI_FLAG_ACTIVATIONS|STAI_FLAG_SCRATCHS",
      "format": "STAI_FORMAT_FLOAT",
      "id": 305,
      "intq": {},
      "is_param": false,
      "mpool_id": 0,
      "name": "conv2d_3_scratch0_array",
      "nbits": 32,
      "offset_start": 8192,
      "qmn": {},
      "shape": [
        3,
        3,
        32,
        1
      ],
      "shape_map": [
        "H",
        "W",
        "CH",
        "CH_IN"
      ],
      "size_bytes": 1152
    },
    {
      "alignment": 4,
      "batch": 0,
      "channel_first": true,
      "channel_last": false,
      "epochs": {
        "end": 1,
        "start": 0
      },
      "flags": "STAI_FLAG_WEIGHTS|STAI_FLAG_CONST|STAI_FLAG_PREALLOCATED",
      "format": "STAI_FORMAT_FLOAT",
      "id": 256,
      "intq": {},
      "is_param": true,
      "mpool_id": 1,
      "name": "conv2d_3_weights_array",
      "nbits": 32,
      "offset_start": 78336,
      "qmn": {},
      "shape": [
        32,
        3,
        3,
        32
      ],
      "shape_map": [
        "CH",
        "H",
        "W",
        "CH_IN"
      ],
      "size_bytes": 36864
    },
    {
      "alignment": 4,
      "batch": 0,
      "channel_first": true,
      "channel_last": true,
      "epochs": {
        "end": 1,
        "start": 0
      },
      "flags": "STAI_FLAG_WEIGHTS|STAI_FLAG_CONST|STAI_FLAG_PREALLOCATED",
      "format": "STAI_FORMAT_FLOAT",
      "id": 223,
      "intq": {},
      "is_param": true,
      "mpool_id": 1,
      "name": "conv2d_bias_array",
      "nbits": 32,
      "offset_start": 3456,
      "qmn": {},
      "shape": [
        32
      ],
      "shape_map": [
        "CH"
      ],
      "size_bytes": 128
    },
    {
      "alignment": 4,
      "batch": 0,
      "channel_first": false,
      "channel_last": true,
      "epochs": {
        "end": 8,
        "start": 4
      },
      "flags": "STAI_FLAG_PREALLOCATED|STAI_FLAG_ACTIVATIONS",
      "format": "STAI_FORMAT_FLOAT",
      "id": 180,
      "intq": {},
      "is_param": false,
      "mpool_id": 0,
      "name": "conv2d_output_array",
      "nbits": 32,
      "offset_start": 12396,
      "qmn": {},
      "shape": [
        32,
        32,
        32
      ],
      "shape_map": [
        "H",
        "W",
        "CH"
      ],
      "size_bytes": 131072
    },
    {
      "alignment": 4,
      "batch": 0,
      "channel_first": false,
      "channel_last": true,
      "epochs": {
        "end": 6,
        "start": 3
      },
      "flags": "STAI_FLAG_PREALLOCATED|STAI_FLAG_ACTIVATIONS|STAI_FLAG_SCRATCHS",
      "format": "STAI_FORMAT_FLOAT",
      "id": 284,
      "intq": {},
      "is_param": false,
      "mpool_id": 0,
      "name": "conv2d_scratch0_array",
      "nbits": 32,
      "offset_start": 0,
      "qmn": {},
      "shape": [
        3,
        3,
        3,
        1
      ],
      "shape_map": [
        "H",
        "W",
        "CH",
        "CH_IN"
      ],
      "size_bytes": 108
    },
    {
      "alignment": 4,
      "batch": 0,
      "channel_first": true,
      "channel_last": false,
      "epochs": {
        "end": 1,
        "start": 0
      },
      "flags": "STAI_FLAG_WEIGHTS|STAI_FLAG_CONST|STAI_FLAG_PREALLOCATED",
      "format": "STAI_FORMAT_FLOAT",
      "id": 220,
      "intq": {},
      "is_param": true,
      "mpool_id": 1,
      "name": "conv2d_weights_array",
      "nbits": 32,
      "offset_start": 0,
      "qmn": {},
      "shape": [
        32,
        3,
        3,
        3
      ],
      "shape_map": [
        "CH",
        "H",
        "W",
        "CH_IN"
      ],
      "size_bytes": 3456
    },
    {
      "alignment": 4,
      "batch": 0,
      "channel_first": true,
      "channel_last": true,
      "epochs": {
        "end": 1,
        "start": 0
      },
      "flags": "STAI_FLAG_WEIGHTS|STAI_FLAG_CONST|STAI_FLAG_PREALLOCATED",
      "format": "STAI_FORMAT_FLOAT",
      "id": 277,
      "intq": {},
      "is_param": true,
      "mpool_id": 1,
      "name": "dense_1_dense_bias_array",
      "nbits": 32,
      "offset_start": 159616,
      "qmn": {},
      "shape": [
        10
      ],
      "shape_map": [
        "CH"
      ],
      "size_bytes": 40
    },
    {
      "alignment": 4,
      "batch": 0,
      "channel_first": true,
      "channel_last": true,
      "epochs": {
        "end": 50,
        "start": 47
      },
      "flags": "STAI_FLAG_PREALLOCATED|STAI_FLAG_ACTIVATIONS",
      "format": "STAI_FORMAT_FLOAT",
      "id": 216,
      "intq": {},
      "is_param": false,
      "mpool_id": 0,
      "name": "dense_1_dense_output_array",
      "nbits": 32,
      "offset_start": 0,
      "qmn": {},
      "shape": [
        10
      ],
      "shape_map": [
        "CH"
      ],
      "size_bytes": 40
    },
    {
      "alignment": 4,
      "batch": 0,
      "channel_first": true,
      "channel_last": true,
      "epochs": {
        "end": 1,
        "start": 0
      },
      "flags": "STAI_FLAG_WEIGHTS|STAI_FLAG_CONST|STAI_FLAG_PREALLOCATED",
      "format": "STAI_FORMAT_FLOAT",
      "id": 274,
      "intq": {},
      "is_param": true,
      "mpool_id": 1,
      "name": "dense_1_dense_weights_array",
      "nbits": 32,
      "offset_start": 149376,
      "qmn": {},
      "shape": [
        10,
        256
      ],
      "shape_map": [
        "CH",
        "CH_IN"
      ],
      "size_bytes": 10240
    },
    {
      "alignment": 4,
      "batch": 0,
      "channel_first": true,
      "channel_last": true,
      "epochs": {
        "end": 51,
        "start": 49
      },
      "flags": "STAI_FLAG_OUTPUTS|STAI_FLAG_PREALLOCATED|STAI_FLAG_ACTIVATIONS",
      "format": "STAI_FORMAT_FLOAT",
      "id": 218,
      "intq": {},
      "is_param": false,
      "mpool_id": 0,
      "name": "dense_1_output_array",
      "nbits": 32,
      "offset_start": 40,
      "qmn": {},
      "shape": [
        10
      ],
      "shape_map": [
        "CH"
      ],
      "size_bytes": 40
    },
    {
      "alignment": 4,
      "batch": 0,
      "channel_first": true,
      "channel_last": true,
      "epochs": {
        "end": 1,
        "start": 0
      },
      "flags": "STAI_FLAG_WEIGHTS|STAI_FLAG_CONST|STAI_FLAG_PREALLOCATED",
      "format": "STAI_FORMAT_FLOAT",
      "id": 271,
      "intq": {},
      "is_param": true,
      "mpool_id": 1,
      "name": "dense_dense_bias_array",
      "nbits": 32,
      "offset_start": 148352,
      "qmn": {},
      "shape": [
        256
      ],
      "shape_map": [
        "CH"
      ],
      "size_bytes": 1024
    },
    {
      "alignment": 4,
      "batch": 0,
      "channel_first": true,
      "channel_last": true,
      "epochs": {
        "end": 46,
        "start": 43
      },
      "flags": "STAI_FLAG_PREALLOCATED|STAI_FLAG_ACTIVATIONS",
      "format": "STAI_FORMAT_FLOAT",
      "id": 212,
      "intq": {},
      "is_param": false,
      "mpool_id": 0,
      "name": "dense_dense_output_array",
      "nbits": 32,
      "offset_start": 0,
      "qmn": {},
      "shape": [
        256
      ],
      "shape_map": [
        "CH"
      ],
      "size_bytes": 1024
    },
    {
      "alignment": 4,
      "batch": 0,
      "channel_first": true,
      "channel_last": true,
      "epochs": {
        "end": 1,
        "start": 0
      },
      "flags": "STAI_FLAG_WEIGHTS|STAI_FLAG_CONST|STAI_FLAG_PREALLOCATED",
      "format": "STAI_FORMAT_FLOAT",
      "id": 268,
      "intq": {},
      "is_param": true,
      "mpool_id": 1,
      "name": "dense_dense_weights_array",
      "nbits": 32,
      "offset_start": 115584,
      "qmn": {},
      "shape": [
        256,
        32
      ],
      "shape_map": [
        "CH",
        "CH_IN"
      ],
      "size_bytes": 32768
    },
    {
      "alignment": 4,
      "batch": 0,
      "channel_first": true,
      "channel_last": true,
      "epochs": {
        "end": 48,
        "start": 45
      },
      "flags": "STAI_FLAG_PREALLOCATED|STAI_FLAG_ACTIVATIONS",
      "format": "STAI_FORMAT_FLOAT",
      "id": 214,
      "intq": {},
      "is_param": false,
      "mpool_id": 0,
      "name": "dense_output_array",
      "nbits": 32,
      "offset_start": 1024,
      "qmn": {},
      "shape": [
        256
      ],
      "shape_map": [
        "CH"
      ],
      "size_bytes": 1024
    },
    {
      "alignment": 4,
      "batch": 0,
      "channel_first": false,
      "channel_last": true,
      "epochs": {
        "end": 44,
        "start": 41
      },
      "flags": "STAI_FLAG_PREALLOCATED|STAI_FLAG_ACTIVATIONS",
      "format": "STAI_FORMAT_FLOAT",
      "id": 210,
      "intq": {},
      "is_param": false,
      "mpool_id": 0,
      "name": "global_average_pooling2d_pool_output_array",
      "nbits": 32,
      "offset_start": 2048,
      "qmn": {},
      "shape": [
        1,
        1,
        32
      ],
      "shape_map": [
        "H",
        "W",
        "CH"
      ],
      "size_bytes": 128
    },
    {
      "alignment": 4,
      "batch": 0,
      "channel_first": false,
      "channel_last": true,
      "epochs": {
        "end": 5,
        "start": 2
      },
      "flags": "STAI_FLAG_INPUTS|STAI_FLAG_PREALLOCATED|STAI_FLAG_ACTIVATIONS",
      "format": "STAI_FORMAT_FLOAT",
      "id": 178,
      "intq": {},
      "is_param": false,
      "mpool_id": 0,
      "name": "input_0_output_array",
      "nbits": 32,
      "offset_start": 108,
      "qmn": {},
      "shape": [
        32,
        32,
        3
      ],
      "shape_map": [
        "H",
        "W",
        "CH"
      ],
      "size_bytes": 12288
    },
    {
      "alignment": 4,
      "batch": 0,
      "channel_first": false,
      "channel_last": true,
      "epochs": {
        "end": 33,
        "start": 29
      },
      "flags": "STAI_FLAG_PREALLOCATED|STAI_FLAG_ACTIVATIONS",
      "format": "STAI_FORMAT_FLOAT",
      "id": 200,
      "intq": {},
      "is_param": false,
      "mpool_id": 0,
      "name": "max_pooling2d_1_output_array",
      "nbits": 32,
      "offset_start": 0,
      "qmn": {},
      "shape": [
        8,
        8,
        32
      ],
      "shape_map": [
        "H",
        "W",
        "CH"
      ],
      "size_bytes": 8192
    },
    {
      "alignment": 4,
      "batch": 0,
      "channel_first": false,
      "channel_last": true,
      "epochs": {
        "end": 42,
        "start": 39
      },
      "flags": "STAI_FLAG_PREALLOCATED|STAI_FLAG_ACTIVATIONS",
      "format": "STAI_FORMAT_FLOAT",
      "id": 208,
      "intq": {},
      "is_param": false,
      "mpool_id": 0,
      "name": "max_pooling2d_2_output_array",
      "nbits": 32,
      "offset_start": 0,
      "qmn": {},
      "shape": [
        4,
        4,
        32
      ],
      "shape_map": [
        "H",
        "W",
        "CH"
      ],
      "size_bytes": 2048
    },
    {
      "alignment": 4,
      "batch": 0,
      "channel_first": false,
      "channel_last": true,
      "epochs": {
        "end": 23,
        "start": 19
      },
      "flags": "STAI_FLAG_PREALLOCATED|STAI_FLAG_ACTIVATIONS",
      "format": "STAI_FORMAT_FLOAT",
      "id": 192,
      "intq": {},
      "is_param": false,
      "mpool_id": 0,
      "name": "max_pooling2d_output_array",
      "nbits": 32,
      "offset_start": 3820,
      "qmn": {},
      "shape": [
        16,
        16,
        32
      ],
      "shape_map": [
        "H",
        "W",
        "CH"
      ],
      "size_bytes": 32768
    }
  ],
  "environment": {
    "generated_model": {
      "generated_time": "2025-10-27T18:17:32+0100",
      "model_files": [
        {
          "name": "cifar10_data_params.h",
          "signature": "0x024f147c0e096f4b4c53fbb4b8ad0bba"
        },
        {
          "name": "cifar10_data_params.c",
          "signature": "0x5d31f108484c5f665a3e98dfa8711093"
        },
        {
          "name": "cifar10_data.h",
          "signature": "0xba3db8a6f41931ef841ec1703ec7ba66"
        },
        {
          "name": "cifar10_data.c",
          "signature": "0x83fd71be51950b7a95a44dad07986d91"
        },
        {
          "name": "cifar10_config.h",
          "signature": "0x0e1ab2f74437b68c0ad2c38650b581a6"
        },
        {
          "name": "cifar10.h",
          "signature": "0x50670d8596de7c0dd8ce1d3f7febedeb"
        },
        {
          "name": "cifar10.c",
          "signature": "0x52daf40441f62bf4164be727c9a1f869"
        }
      ],
      "name": "cifar10"
    },
    "network_signature": "0x4d76a9d27cdce3ca",
    "test_name": "",
    "tools": [
      {
        "arguments": "generate --target stm32l4 --name cifar10 -m C:/Users/marcs/OneDrive/Documents/Cours/Semestre 9/EMSE - Cours/IA_Embarquee/Initial_model_dataset/Model_initial/CIFAR10_VGG11_modele2-2.h5 --compression none --verbosity 1 --workspace C:/Users/marcs/AppData/Local/Temp/mxAI_workspace1751924222645001574740731674569502 --output C:/Users/marcs/.stm32cubemx/cifar10_output",
        "environment": [
          "STATS_TYPE=X-CUBE-AI"
        ],
        "input_model": {
          "model_files": [
            {
              "name": "CIFAR10_VGG11_modele2-2.h5",
              "signature": "0x54d2881601cd33fa1dd48e80db6f419e"
            }
          ],
          "n_params": 39914,
          "name": "CIFAR10_VGG11_modele22",
          "size": 159656,
          "type": "keras"
        },
        "name": "ST.EdgeAI.Core",
        "version": "2.2.0-20266 2adc00962"
      }
    ]
  },
  "graphs": [
    {
      "edges": [
        {
          "buffer": 180,
          "edge_kind": "EDGE_MEMORY",
          "end": {
            "node_id": 26,
            "port": 0
          },
          "id": 0,
          "name": "n25-p0_n26-p0",
          "start": {
            "node_id": 25,
            "port": 0
          }
        },
        {
          "buffer": 182,
          "edge_kind": "EDGE_MEMORY",
          "end": {
            "node_id": 27,
            "port": 0
          },
          "id": 1,
          "name": "n26-p0_n27-p0",
          "start": {
            "node_id": 26,
            "port": 0
          }
        },
        {
          "buffer": 184,
          "edge_kind": "EDGE_MEMORY",
          "end": {
            "node_id": 28,
            "port": 0
          },
          "id": 2,
          "name": "n27-p0_n28-p0",
          "start": {
            "node_id": 27,
            "port": 0
          }
        },
        {
          "buffer": 186,
          "edge_kind": "EDGE_MEMORY",
          "end": {
            "node_id": 29,
            "port": 0
          },
          "id": 3,
          "name": "n28-p0_n29-p0",
          "start": {
            "node_id": 28,
            "port": 0
          }
        },
        {
          "buffer": 188,
          "edge_kind": "EDGE_MEMORY",
          "end": {
            "node_id": 30,
            "port": 0
          },
          "id": 4,
          "name": "n29-p0_n30-p0",
          "start": {
            "node_id": 29,
            "port": 0
          }
        },
        {
          "buffer": 190,
          "edge_kind": "EDGE_MEMORY",
          "end": {
            "node_id": 31,
            "port": 0
          },
          "id": 5,
          "name": "n30-p0_n31-p0",
          "start": {
            "node_id": 30,
            "port": 0
          }
        },
        {
          "buffer": 192,
          "edge_kind": "EDGE_MEMORY",
          "end": {
            "node_id": 32,
            "port": 0
          },
          "id": 6,
          "name": "n31-p0_n32-p0",
          "start": {
            "node_id": 31,
            "port": 0
          }
        },
        {
          "buffer": 194,
          "edge_kind": "EDGE_MEMORY",
          "end": {
            "node_id": 33,
            "port": 0
          },
          "id": 7,
          "name": "n32-p0_n33-p0",
          "start": {
            "node_id": 32,
            "port": 0
          }
        },
        {
          "buffer": 196,
          "edge_kind": "EDGE_MEMORY",
          "end": {
            "node_id": 34,
            "port": 0
          },
          "id": 8,
          "name": "n33-p0_n34-p0",
          "start": {
            "node_id": 33,
            "port": 0
          }
        },
        {
          "buffer": 198,
          "edge_kind": "EDGE_MEMORY",
          "end": {
            "node_id": 35,
            "port": 0
          },
          "id": 9,
          "name": "n34-p0_n35-p0",
          "start": {
            "node_id": 34,
            "port": 0
          }
        },
        {
          "buffer": 200,
          "edge_kind": "EDGE_MEMORY",
          "end": {
            "node_id": 36,
            "port": 0
          },
          "id": 10,
          "name": "n35-p0_n36-p0",
          "start": {
            "node_id": 35,
            "port": 0
          }
        },
        {
          "buffer": 202,
          "edge_kind": "EDGE_MEMORY",
          "end": {
            "node_id": 37,
            "port": 0
          },
          "id": 11,
          "name": "n36-p0_n37-p0",
          "start": {
            "node_id": 36,
            "port": 0
          }
        },
        {
          "buffer": 204,
          "edge_kind": "EDGE_MEMORY",
          "end": {
            "node_id": 38,
            "port": 0
          },
          "id": 12,
          "name": "n37-p0_n38-p0",
          "start": {
            "node_id": 37,
            "port": 0
          }
        },
        {
          "buffer": 206,
          "edge_kind": "EDGE_MEMORY",
          "end": {
            "node_id": 39,
            "port": 0
          },
          "id": 13,
          "name": "n38-p0_n39-p0",
          "start": {
            "node_id": 38,
            "port": 0
          }
        },
        {
          "buffer": 208,
          "edge_kind": "EDGE_MEMORY",
          "end": {
            "node_id": 40,
            "port": 0
          },
          "id": 14,
          "name": "n39-p0_n40-p0",
          "start": {
            "node_id": 39,
            "port": 0
          }
        },
        {
          "buffer": 210,
          "edge_kind": "EDGE_MEMORY",
          "end": {
            "node_id": 41,
            "port": 0
          },
          "id": 15,
          "name": "n40-p0_n41-p0",
          "start": {
            "node_id": 40,
            "port": 0
          }
        },
        {
          "buffer": 212,
          "edge_kind": "EDGE_MEMORY",
          "end": {
            "node_id": 42,
            "port": 0
          },
          "id": 16,
          "name": "n41-p0_n42-p0",
          "start": {
            "node_id": 41,
            "port": 0
          }
        },
        {
          "buffer": 214,
          "edge_kind": "EDGE_MEMORY",
          "end": {
            "node_id": 43,
            "port": 0
          },
          "id": 17,
          "name": "n42-p0_n43-p0",
          "start": {
            "node_id": 42,
            "port": 0
          }
        },
        {
          "buffer": 216,
          "edge_kind": "EDGE_MEMORY",
          "end": {
            "node_id": 44,
            "port": 0
          },
          "id": 18,
          "name": "n43-p0_n44-p0",
          "start": {
            "node_id": 43,
            "port": 0
          }
        }
      ],
      "id": 0,
      "inputs": [
        178
      ],
      "name": "CIFAR10_VGG11_modele22",
      "nodes": [
        {
          "attributes": {
            "dilation": "{H: 1, W: 1}",
            "filter_size": "(3, 3)",
            "groups": "1",
            "is_depthwise": "False",
            "is_grouped_conv": "False",
            "num_filters": "32",
            "pad": "{H: (1, 1), W: (1, 1)}",
            "pad_strategy": "same",
            "pad_value": "0",
            "stride": "(1, 1)",
            "use_bias": "True",
            "weights_prefetch": "True"
          },
          "description": "Conv2D",
          "id": 25,
          "inputs": [
            178,
            220,
            223
          ],
          "macc": 884768,
          "mapping": "NODE_SW",
          "name": "conv2d",
          "original_nodes": [
            "0"
          ],
          "outputs": [
            180
          ],
          "scratchs": [
            284
          ],
          "subgraph_nodes": [],
          "sw_functions": [
            "forward_conv2d_if32of32wf32"
          ]
        },
        {
          "attributes": {
            "nonlinearity": "relu"
          },
          "description": "Nonlinearity",
          "id": 26,
          "inputs": [
            180
          ],
          "macc": 32768,
          "mapping": "NODE_SW",
          "name": "activation",
          "original_nodes": [
            "1"
          ],
          "outputs": [
            182
          ],
          "scratchs": [],
          "subgraph_nodes": [],
          "sw_functions": [
            "forward_relu"
          ]
        },
        {
          "attributes": {
            "dl_axis": "-1",
            "ir_axis": "CH",
            "use_bias": "True"
          },
          "description": "ScaleBias",
          "id": 27,
          "inputs": [
            182,
            226,
            229
          ],
          "macc": 65536,
          "mapping": "NODE_SW",
          "name": "batch_normalization",
          "original_nodes": [
            "2"
          ],
          "outputs": [
            184
          ],
          "scratchs": [],
          "subgraph_nodes": [],
          "sw_functions": [
            "forward_bn"
          ]
        },
        {
          "attributes": {
            "dilation": "{H: 1, W: 1}",
            "filter_size": "(3, 3)",
            "groups": "1",
            "is_depthwise": "False",
            "is_grouped_conv": "False",
            "num_filters": "32",
            "pad": "{H: (1, 1), W: (1, 1)}",
            "pad_strategy": "same",
            "pad_value": "0",
            "stride": "(1, 1)",
            "use_bias": "True",
            "weights_prefetch": "True"
          },
          "description": "Conv2D",
          "id": 28,
          "inputs": [
            184,
            232,
            235
          ],
          "macc": 9437216,
          "mapping": "NODE_SW",
          "name": "conv2d_1",
          "original_nodes": [
            "3"
          ],
          "outputs": [
            186
          ],
          "scratchs": [
            291
          ],
          "subgraph_nodes": [],
          "sw_functions": [
            "forward_conv2d_if32of32wf32"
          ]
        },
        {
          "attributes": {
            "nonlinearity": "relu"
          },
          "description": "Nonlinearity",
          "id": 29,
          "inputs": [
            186
          ],
          "macc": 32768,
          "mapping": "NODE_SW",
          "name": "activation_1",
          "original_nodes": [
            "4"
          ],
          "outputs": [
            188
          ],
          "scratchs": [],
          "subgraph_nodes": [],
          "sw_functions": [
            "forward_relu"
          ]
        },
        {
          "attributes": {
            "dl_axis": "-1",
            "ir_axis": "CH",
            "use_bias": "True"
          },
          "description": "ScaleBias",
          "id": 30,
          "inputs": [
            188,
            238,
            241
          ],
          "macc": 65536,
          "mapping": "NODE_SW",
          "name": "batch_normalization_1",
          "original_nodes": [
            "6"
          ],
          "outputs": [
            190
          ],
          "scratchs": [],
          "subgraph_nodes": [],
          "sw_functions": [
            "forward_bn"
          ]
        },
        {
          "attributes": {
            "ceil_mode": "floor",
            "pool_function": "max",
            "pool_pad": "{H: (0, 0), W: (0, 0)}",
            "pool_size": "(2, 2)",
            "pool_stride": "(2, 2)"
          },
          "description": "Pool",
          "id": 31,
          "inputs": [
            190
          ],
          "macc": 32768,
          "mapping": "NODE_SW",
          "name": "max_pooling2d",
          "original_nodes": [
            "7"
          ],
          "outputs": [
            192
          ],
          "scratchs": [],
          "subgraph_nodes": [],
          "sw_functions": [
            "forward_mp"
          ]
        },
        {
          "attributes": {
            "dilation": "{H: 1, W: 1}",
            "filter_size": "(3, 3)",
            "groups": "1",
            "is_depthwise": "False",
            "is_grouped_conv": "False",
            "num_filters": "32",
            "pad": "{H: (1, 1), W: (1, 1)}",
            "pad_strategy": "same",
            "pad_value": "0",
            "stride": "(1, 1)",
            "use_bias": "True",
            "weights_prefetch": "True"
          },
          "description": "Conv2D",
          "id": 32,
          "inputs": [
            192,
            244,
            247
          ],
          "macc": 2359328,
          "mapping": "NODE_SW",
          "name": "conv2d_2",
          "original_nodes": [
            "8"
          ],
          "outputs": [
            194
          ],
          "scratchs": [
            298
          ],
          "subgraph_nodes": [],
          "sw_functions": [
            "forward_conv2d_if32of32wf32"
          ]
        },
        {
          "attributes": {
            "nonlinearity": "relu"
          },
          "description": "Nonlinearity",
          "id": 33,
          "inputs": [
            194
          ],
          "macc": 8192,
          "mapping": "NODE_SW",
          "name": "activation_2",
          "original_nodes": [
            "9"
          ],
          "outputs": [
            196
          ],
          "scratchs": [],
          "subgraph_nodes": [],
          "sw_functions": [
            "forward_relu"
          ]
        },
        {
          "attributes": {
            "dl_axis": "-1",
            "ir_axis": "CH",
            "use_bias": "True"
          },
          "description": "ScaleBias",
          "id": 34,
          "inputs": [
            196,
            250,
            253
          ],
          "macc": 16384,
          "mapping": "NODE_SW",
          "name": "batch_normalization_2",
          "original_nodes": [
            "10"
          ],
          "outputs": [
            198
          ],
          "scratchs": [],
          "subgraph_nodes": [],
          "sw_functions": [
            "forward_bn"
          ]
        },
        {
          "attributes": {
            "ceil_mode": "floor",
            "pool_function": "max",
            "pool_pad": "{H: (0, 0), W: (0, 0)}",
            "pool_size": "(2, 2)",
            "pool_stride": "(2, 2)"
          },
          "description": "Pool",
          "id": 35,
          "inputs": [
            198
          ],
          "macc": 8192,
          "mapping": "NODE_SW",
          "name": "max_pooling2d_1",
          "original_nodes": [
            "11"
          ],
          "outputs": [
            200
          ],
          "scratchs": [],
          "subgraph_nodes": [],
          "sw_functions": [
            "forward_mp"
          ]
        },
        {
          "attributes": {
            "dilation": "{H: 1, W: 1}",
            "filter_size": "(3, 3)",
            "groups": "1",
            "is_depthwise": "False",
            "is_grouped_conv": "False",
            "num_filters": "32",
            "pad": "{H: (1, 1), W: (1, 1)}",
            "pad_strategy": "same",
            "pad_value": "0",
            "stride": "(1, 1)",
            "use_bias": "True",
            "weights_prefetch": "True"
          },
          "description": "Conv2D",
          "id": 36,
          "inputs": [
            200,
            256,
            259
          ],
          "macc": 589856,
          "mapping": "NODE_SW",
          "name": "conv2d_3",
          "original_nodes": [
            "12"
          ],
          "outputs": [
            202
          ],
          "scratchs": [
            305
          ],
          "subgraph_nodes": [],
          "sw_functions": [
            "forward_conv2d_if32of32wf32"
          ]
        },
        {
          "attributes": {
            "nonlinearity": "relu"
          },
          "description": "Nonlinearity",
          "id": 37,
          "inputs": [
            202
          ],
          "macc": 2048,
          "mapping": "NODE_SW",
          "name": "activation_3",
          "original_nodes": [
            "13"
          ],
          "outputs": [
            204
          ],
          "scratchs": [],
          "subgraph_nodes": [],
          "sw_functions": [
            "forward_relu"
          ]
        },
        {
          "attributes": {
            "dl_axis": "-1",
            "ir_axis": "CH",
            "use_bias": "True"
          },
          "description": "ScaleBias",
          "id": 38,
          "inputs": [
            204,
            262,
            265
          ],
          "macc": 4096,
          "mapping": "NODE_SW",
          "name": "batch_normalization_3",
          "original_nodes": [
            "15"
          ],
          "outputs": [
            206
          ],
          "scratchs": [],
          "subgraph_nodes": [],
          "sw_functions": [
            "forward_bn"
          ]
        },
        {
          "attributes": {
            "ceil_mode": "floor",
            "pool_function": "max",
            "pool_pad": "{H: (0, 0), W: (0, 0)}",
            "pool_size": "(2, 2)",
            "pool_stride": "(2, 2)"
          },
          "description": "Pool",
          "id": 39,
          "inputs": [
            206
          ],
          "macc": 2048,
          "mapping": "NODE_SW",
          "name": "max_pooling2d_2",
          "original_nodes": [
            "16"
          ],
          "outputs": [
            208
          ],
          "scratchs": [],
          "subgraph_nodes": [],
          "sw_functions": [
            "forward_mp"
          ]
        },
        {
          "attributes": {
            "pool_function": "avg",
            "pool_pad": "{H: (0, 0), W: (0, 0)}",
            "pool_size": "(4, 4)",
            "pool_stride": "(4, 4)"
          },
          "description": "Pool",
          "id": 40,
          "inputs": [
            208
          ],
          "macc": 512,
          "mapping": "NODE_SW",
          "name": "global_average_pooling2d_pool",
          "original_nodes": [
            "17"
          ],
          "outputs": [
            210
          ],
          "scratchs": [],
          "subgraph_nodes": [],
          "sw_functions": [
            "forward_ap"
          ]
        },
        {
          "attributes": {
            "num_units": "256",
            "use_bias": "True"
          },
          "description": "Dense",
          "id": 41,
          "inputs": [
            210,
            268,
            271
          ],
          "macc": 8448,
          "mapping": "NODE_SW",
          "name": "dense_dense",
          "original_nodes": [
            "18"
          ],
          "outputs": [
            212
          ],
          "scratchs": [],
          "subgraph_nodes": [],
          "sw_functions": [
            "forward_dense"
          ]
        },
        {
          "attributes": {
            "nonlinearity": "relu"
          },
          "description": "Nonlinearity",
          "id": 42,
          "inputs": [
            212
          ],
          "macc": 256,
          "mapping": "NODE_SW",
          "name": "dense",
          "original_nodes": [
            "18"
          ],
          "outputs": [
            214
          ],
          "scratchs": [],
          "subgraph_nodes": [],
          "sw_functions": [
            "forward_relu"
          ]
        },
        {
          "attributes": {
            "num_units": "10",
            "use_bias": "True"
          },
          "description": "Dense",
          "id": 43,
          "inputs": [
            214,
            274,
            277
          ],
          "macc": 2570,
          "mapping": "NODE_SW",
          "name": "dense_1_dense",
          "original_nodes": [
            "20"
          ],
          "outputs": [
            216
          ],
          "scratchs": [],
          "subgraph_nodes": [],
          "sw_functions": [
            "forward_dense"
          ]
        },
        {
          "attributes": {
            "axis": "CH",
            "nonlinearity": "softmax",
            "orig_axis": "-1"
          },
          "description": "Nonlinearity",
          "id": 44,
          "inputs": [
            216
          ],
          "macc": 150,
          "mapping": "NODE_SW",
          "name": "dense_1",
          "original_nodes": [
            "20"
          ],
          "outputs": [
            218
          ],
          "scratchs": [],
          "subgraph_nodes": [],
          "sw_functions": [
            "forward_sm"
          ]
        }
      ],
      "original_inputs": [
        {
          "c_shape_map": [],
          "data_format": {
            "quantizer": "NONE",
            "scale": [],
            "size": 32,
            "type": "FLOAT",
            "zero": []
          },
          "name": "input_0",
          "shape": [
            null,
            32,
            32,
            3
          ],
          "shape_map": [
            "BATCH",
            "H",
            "W",
            "CH"
          ]
        }
      ],
      "original_outputs": [
        {
          "c_shape_map": [],
          "data_format": {
            "quantizer": "NONE",
            "scale": [],
            "size": 32,
            "type": "FLOAT",
            "zero": []
          },
          "name": "dense_1",
          "shape": [
            1,
            10
          ],
          "shape_map": [
            "BATCH",
            "CH"
          ]
        }
      ],
      "outputs": [
        218
      ]
    }
  ],
  "json_schema_version": "2.0",
  "memory_footprint": {
    "activations": 143468,
    "io": [
      0,
      0
    ],
    "kernel_flash": 18142,
    "kernel_ram": 6180,
    "series": "stm32l4",
    "toolchain": "arm-none-eabi-gcc (GNU Tools for STM32 13.3.rel1.20240926-1715) 13.3.1 20240614",
    "toolchain_flash": 638,
    "toolchain_ram": 0,
    "weights": 159656
  },
  "memory_pools": [
    {
      "address": "NULL",
      "alignment": 4,
      "attributes": {
        "latency": "HIGH",
        "score": 768,
        "throughput": "LOW"
      },
      "buffers": [
        178,
        180,
        182,
        184,
        186,
        188,
        190,
        192,
        194,
        196,
        198,
        200,
        202,
        204,
        206,
        208,
        210,
        212,
        214,
        216,
        218,
        284,
        291,
        298,
        305
      ],
      "id": 0,
      "name": "heap_overlay_pool",
      "offset_start": 0,
      "persistent": false,
      "rights": "ACC_WRITE",
      "size_bytes": -1,
      "subpools": [],
      "used_size_bytes": 143468,
      "user_allocated": false,
      "virtual": false
    },
    {
      "address": "s_cifar10_weights_array_u64",
      "alignment": 0,
      "attributes": {
        "latency": "UNDEF",
        "score": 0,
        "throughput": "UNDEF"
      },
      "buffers": [
        220,
        223,
        226,
        229,
        232,
        235,
        238,
        241,
        244,
        247,
        250,
        253,
        256,
        259,
        262,
        265,
        268,
        271,
        274,
        277
      ],
      "id": 1,
      "name": "weights_array",
      "offset_start": 0,
      "persistent": true,
      "rights": "ACC_READ",
      "size_bytes": -1,
      "subpools": [],
      "used_size_bytes": 159656,
      "user_allocated": false,
      "virtual": false
    }
  ]
}