{
  "buffers": [
    {
      "alignment": 4,
      "batch": 0,
      "channel_first": false,
      "channel_last": true,
      "epochs": {
        "end": 10,
        "start": 7
      },
      "flags": "STAI_FLAG_PREALLOCATED|STAI_FLAG_ACTIVATIONS",
      "format": "STAI_FORMAT_FLOAT",
      "id": 253,
      "intq": {},
      "is_param": false,
      "mpool_id": 0,
      "name": "activation_12_output_array",
      "nbits": 32,
      "offset_start": 12396,
      "qmn": {},
      "shape": [
        32,
        32,
        32
      ],
      "shape_map": [
        "H",
        "W",
        "CH"
      ],
      "size_bytes": 131072
    },
    {
      "alignment": 4,
      "batch": 0,
      "channel_first": false,
      "channel_last": true,
      "epochs": {
        "end": 18,
        "start": 15
      },
      "flags": "STAI_FLAG_PREALLOCATED|STAI_FLAG_ACTIVATIONS",
      "format": "STAI_FORMAT_FLOAT",
      "id": 259,
      "intq": {},
      "is_param": false,
      "mpool_id": 0,
      "name": "activation_13_output_array",
      "nbits": 32,
      "offset_start": 3820,
      "qmn": {},
      "shape": [
        32,
        32,
        32
      ],
      "shape_map": [
        "H",
        "W",
        "CH"
      ],
      "size_bytes": 131072
    },
    {
      "alignment": 4,
      "batch": 0,
      "channel_first": false,
      "channel_last": true,
      "epochs": {
        "end": 28,
        "start": 25
      },
      "flags": "STAI_FLAG_PREALLOCATED|STAI_FLAG_ACTIVATIONS",
      "format": "STAI_FORMAT_FLOAT",
      "id": 267,
      "intq": {},
      "is_param": false,
      "mpool_id": 0,
      "name": "activation_14_output_array",
      "nbits": 32,
      "offset_start": 36588,
      "qmn": {},
      "shape": [
        16,
        16,
        64
      ],
      "shape_map": [
        "H",
        "W",
        "CH"
      ],
      "size_bytes": 65536
    },
    {
      "alignment": 4,
      "batch": 0,
      "channel_first": false,
      "channel_last": true,
      "epochs": {
        "end": 36,
        "start": 33
      },
      "flags": "STAI_FLAG_PREALLOCATED|STAI_FLAG_ACTIVATIONS",
      "format": "STAI_FORMAT_FLOAT",
      "id": 273,
      "intq": {},
      "is_param": false,
      "mpool_id": 0,
      "name": "activation_15_output_array",
      "nbits": 32,
      "offset_start": 27628,
      "qmn": {},
      "shape": [
        16,
        16,
        64
      ],
      "shape_map": [
        "H",
        "W",
        "CH"
      ],
      "size_bytes": 65536
    },
    {
      "alignment": 4,
      "batch": 0,
      "channel_first": false,
      "channel_last": true,
      "epochs": {
        "end": 46,
        "start": 43
      },
      "flags": "STAI_FLAG_PREALLOCATED|STAI_FLAG_ACTIVATIONS",
      "format": "STAI_FORMAT_FLOAT",
      "id": 281,
      "intq": {},
      "is_param": false,
      "mpool_id": 0,
      "name": "activation_16_output_array",
      "nbits": 32,
      "offset_start": 51456,
      "qmn": {},
      "shape": [
        8,
        8,
        128
      ],
      "shape_map": [
        "H",
        "W",
        "CH"
      ],
      "size_bytes": 32768
    },
    {
      "alignment": 4,
      "batch": 0,
      "channel_first": false,
      "channel_last": true,
      "epochs": {
        "end": 56,
        "start": 53
      },
      "flags": "STAI_FLAG_PREALLOCATED|STAI_FLAG_ACTIVATIONS",
      "format": "STAI_FORMAT_FLOAT",
      "id": 289,
      "intq": {},
      "is_param": false,
      "mpool_id": 0,
      "name": "activation_17_output_array",
      "nbits": 32,
      "offset_start": 12800,
      "qmn": {},
      "shape": [
        4,
        4,
        128
      ],
      "shape_map": [
        "H",
        "W",
        "CH"
      ],
      "size_bytes": 8192
    },
    {
      "alignment": 4,
      "batch": 0,
      "channel_first": true,
      "channel_last": true,
      "epochs": {
        "end": 1,
        "start": 0
      },
      "flags": "STAI_FLAG_WEIGHTS|STAI_FLAG_CONST|STAI_FLAG_PREALLOCATED",
      "format": "STAI_FORMAT_FLOAT",
      "id": 318,
      "intq": {},
      "is_param": true,
      "mpool_id": 1,
      "name": "batch_normalization_12_bias_array",
      "nbits": 32,
      "offset_start": 3712,
      "qmn": {},
      "shape": [
        32
      ],
      "shape_map": [
        "CH"
      ],
      "size_bytes": 128
    },
    {
      "alignment": 4,
      "batch": 0,
      "channel_first": false,
      "channel_last": true,
      "epochs": {
        "end": 13,
        "start": 9
      },
      "flags": "STAI_FLAG_PREALLOCATED|STAI_FLAG_ACTIVATIONS",
      "format": "STAI_FORMAT_FLOAT",
      "id": 255,
      "intq": {},
      "is_param": false,
      "mpool_id": 0,
      "name": "batch_normalization_12_output_array",
      "nbits": 32,
      "offset_start": 12396,
      "qmn": {},
      "shape": [
        32,
        32,
        32
      ],
      "shape_map": [
        "H",
        "W",
        "CH"
      ],
      "size_bytes": 131072
    },
    {
      "alignment": 4,
      "batch": 0,
      "channel_first": true,
      "channel_last": true,
      "epochs": {
        "end": 1,
        "start": 0
      },
      "flags": "STAI_FLAG_WEIGHTS|STAI_FLAG_CONST|STAI_FLAG_PREALLOCATED",
      "format": "STAI_FORMAT_FLOAT",
      "id": 315,
      "intq": {},
      "is_param": true,
      "mpool_id": 1,
      "name": "batch_normalization_12_scale_array",
      "nbits": 32,
      "offset_start": 3584,
      "qmn": {},
      "shape": [
        32
      ],
      "shape_map": [
        "CH"
      ],
      "size_bytes": 128
    },
    {
      "alignment": 4,
      "batch": 0,
      "channel_first": true,
      "channel_last": true,
      "epochs": {
        "end": 1,
        "start": 0
      },
      "flags": "STAI_FLAG_WEIGHTS|STAI_FLAG_CONST|STAI_FLAG_PREALLOCATED",
      "format": "STAI_FORMAT_FLOAT",
      "id": 330,
      "intq": {},
      "is_param": true,
      "mpool_id": 1,
      "name": "batch_normalization_13_bias_array",
      "nbits": 32,
      "offset_start": 40960,
      "qmn": {},
      "shape": [
        32
      ],
      "shape_map": [
        "CH"
      ],
      "size_bytes": 128
    },
    {
      "alignment": 4,
      "batch": 0,
      "channel_first": false,
      "channel_last": true,
      "epochs": {
        "end": 20,
        "start": 17
      },
      "flags": "STAI_FLAG_PREALLOCATED|STAI_FLAG_ACTIVATIONS",
      "format": "STAI_FORMAT_FLOAT",
      "id": 261,
      "intq": {},
      "is_param": false,
      "mpool_id": 0,
      "name": "batch_normalization_13_output_array",
      "nbits": 32,
      "offset_start": 3820,
      "qmn": {},
      "shape": [
        32,
        32,
        32
      ],
      "shape_map": [
        "H",
        "W",
        "CH"
      ],
      "size_bytes": 131072
    },
    {
      "alignment": 4,
      "batch": 0,
      "channel_first": true,
      "channel_last": true,
      "epochs": {
        "end": 1,
        "start": 0
      },
      "flags": "STAI_FLAG_WEIGHTS|STAI_FLAG_CONST|STAI_FLAG_PREALLOCATED",
      "format": "STAI_FORMAT_FLOAT",
      "id": 327,
      "intq": {},
      "is_param": true,
      "mpool_id": 1,
      "name": "batch_normalization_13_scale_array",
      "nbits": 32,
      "offset_start": 40832,
      "qmn": {},
      "shape": [
        32
      ],
      "shape_map": [
        "CH"
      ],
      "size_bytes": 128
    },
    {
      "alignment": 4,
      "batch": 0,
      "channel_first": true,
      "channel_last": true,
      "epochs": {
        "end": 1,
        "start": 0
      },
      "flags": "STAI_FLAG_WEIGHTS|STAI_FLAG_CONST|STAI_FLAG_PREALLOCATED",
      "format": "STAI_FORMAT_FLOAT",
      "id": 342,
      "intq": {},
      "is_param": true,
      "mpool_id": 1,
      "name": "batch_normalization_14_bias_array",
      "nbits": 32,
      "offset_start": 115328,
      "qmn": {},
      "shape": [
        64
      ],
      "shape_map": [
        "CH"
      ],
      "size_bytes": 256
    },
    {
      "alignment": 4,
      "batch": 0,
      "channel_first": false,
      "channel_last": true,
      "epochs": {
        "end": 31,
        "start": 27
      },
      "flags": "STAI_FLAG_PREALLOCATED|STAI_FLAG_ACTIVATIONS",
      "format": "STAI_FORMAT_FLOAT",
      "id": 269,
      "intq": {},
      "is_param": false,
      "mpool_id": 0,
      "name": "batch_normalization_14_output_array",
      "nbits": 32,
      "offset_start": 36588,
      "qmn": {},
      "shape": [
        16,
        16,
        64
      ],
      "shape_map": [
        "H",
        "W",
        "CH"
      ],
      "size_bytes": 65536
    },
    {
      "alignment": 4,
      "batch": 0,
      "channel_first": true,
      "channel_last": true,
      "epochs": {
        "end": 1,
        "start": 0
      },
      "flags": "STAI_FLAG_WEIGHTS|STAI_FLAG_CONST|STAI_FLAG_PREALLOCATED",
      "format": "STAI_FORMAT_FLOAT",
      "id": 339,
      "intq": {},
      "is_param": true,
      "mpool_id": 1,
      "name": "batch_normalization_14_scale_array",
      "nbits": 32,
      "offset_start": 115072,
      "qmn": {},
      "shape": [
        64
      ],
      "shape_map": [
        "CH"
      ],
      "size_bytes": 256
    },
    {
      "alignment": 4,
      "batch": 0,
      "channel_first": true,
      "channel_last": true,
      "epochs": {
        "end": 1,
        "start": 0
      },
      "flags": "STAI_FLAG_WEIGHTS|STAI_FLAG_CONST|STAI_FLAG_PREALLOCATED",
      "format": "STAI_FORMAT_FLOAT",
      "id": 354,
      "intq": {},
      "is_param": true,
      "mpool_id": 1,
      "name": "batch_normalization_15_bias_array",
      "nbits": 32,
      "offset_start": 263552,
      "qmn": {},
      "shape": [
        64
      ],
      "shape_map": [
        "CH"
      ],
      "size_bytes": 256
    },
    {
      "alignment": 4,
      "batch": 0,
      "channel_first": false,
      "channel_last": true,
      "epochs": {
        "end": 38,
        "start": 35
      },
      "flags": "STAI_FLAG_PREALLOCATED|STAI_FLAG_ACTIVATIONS",
      "format": "STAI_FORMAT_FLOAT",
      "id": 275,
      "intq": {},
      "is_param": false,
      "mpool_id": 0,
      "name": "batch_normalization_15_output_array",
      "nbits": 32,
      "offset_start": 27628,
      "qmn": {},
      "shape": [
        16,
        16,
        64
      ],
      "shape_map": [
        "H",
        "W",
        "CH"
      ],
      "size_bytes": 65536
    },
    {
      "alignment": 4,
      "batch": 0,
      "channel_first": true,
      "channel_last": true,
      "epochs": {
        "end": 1,
        "start": 0
      },
      "flags": "STAI_FLAG_WEIGHTS|STAI_FLAG_CONST|STAI_FLAG_PREALLOCATED",
      "format": "STAI_FORMAT_FLOAT",
      "id": 351,
      "intq": {},
      "is_param": true,
      "mpool_id": 1,
      "name": "batch_normalization_15_scale_array",
      "nbits": 32,
      "offset_start": 263296,
      "qmn": {},
      "shape": [
        64
      ],
      "shape_map": [
        "CH"
      ],
      "size_bytes": 256
    },
    {
      "alignment": 4,
      "batch": 0,
      "channel_first": true,
      "channel_last": true,
      "epochs": {
        "end": 1,
        "start": 0
      },
      "flags": "STAI_FLAG_WEIGHTS|STAI_FLAG_CONST|STAI_FLAG_PREALLOCATED",
      "format": "STAI_FORMAT_FLOAT",
      "id": 366,
      "intq": {},
      "is_param": true,
      "mpool_id": 1,
      "name": "batch_normalization_16_bias_array",
      "nbits": 32,
      "offset_start": 559744,
      "qmn": {},
      "shape": [
        128
      ],
      "shape_map": [
        "CH"
      ],
      "size_bytes": 512
    },
    {
      "alignment": 4,
      "batch": 0,
      "channel_first": false,
      "channel_last": true,
      "epochs": {
        "end": 48,
        "start": 45
      },
      "flags": "STAI_FLAG_PREALLOCATED|STAI_FLAG_ACTIVATIONS",
      "format": "STAI_FORMAT_FLOAT",
      "id": 283,
      "intq": {},
      "is_param": false,
      "mpool_id": 0,
      "name": "batch_normalization_16_output_array",
      "nbits": 32,
      "offset_start": 0,
      "qmn": {},
      "shape": [
        8,
        8,
        128
      ],
      "shape_map": [
        "H",
        "W",
        "CH"
      ],
      "size_bytes": 32768
    },
    {
      "alignment": 4,
      "batch": 0,
      "channel_first": true,
      "channel_last": true,
      "epochs": {
        "end": 1,
        "start": 0
      },
      "flags": "STAI_FLAG_WEIGHTS|STAI_FLAG_CONST|STAI_FLAG_PREALLOCATED",
      "format": "STAI_FORMAT_FLOAT",
      "id": 363,
      "intq": {},
      "is_param": true,
      "mpool_id": 1,
      "name": "batch_normalization_16_scale_array",
      "nbits": 32,
      "offset_start": 559232,
      "qmn": {},
      "shape": [
        128
      ],
      "shape_map": [
        "CH"
      ],
      "size_bytes": 512
    },
    {
      "alignment": 4,
      "batch": 0,
      "channel_first": true,
      "channel_last": true,
      "epochs": {
        "end": 1,
        "start": 0
      },
      "flags": "STAI_FLAG_WEIGHTS|STAI_FLAG_CONST|STAI_FLAG_PREALLOCATED",
      "format": "STAI_FORMAT_FLOAT",
      "id": 378,
      "intq": {},
      "is_param": true,
      "mpool_id": 1,
      "name": "batch_normalization_17_bias_array",
      "nbits": 32,
      "offset_start": 1151104,
      "qmn": {},
      "shape": [
        128
      ],
      "shape_map": [
        "CH"
      ],
      "size_bytes": 512
    },
    {
      "alignment": 4,
      "batch": 0,
      "channel_first": false,
      "channel_last": true,
      "epochs": {
        "end": 58,
        "start": 55
      },
      "flags": "STAI_FLAG_PREALLOCATED|STAI_FLAG_ACTIVATIONS",
      "format": "STAI_FORMAT_FLOAT",
      "id": 291,
      "intq": {},
      "is_param": false,
      "mpool_id": 0,
      "name": "batch_normalization_17_output_array",
      "nbits": 32,
      "offset_start": 0,
      "qmn": {},
      "shape": [
        4,
        4,
        128
      ],
      "shape_map": [
        "H",
        "W",
        "CH"
      ],
      "size_bytes": 8192
    },
    {
      "alignment": 4,
      "batch": 0,
      "channel_first": true,
      "channel_last": true,
      "epochs": {
        "end": 1,
        "start": 0
      },
      "flags": "STAI_FLAG_WEIGHTS|STAI_FLAG_CONST|STAI_FLAG_PREALLOCATED",
      "format": "STAI_FORMAT_FLOAT",
      "id": 375,
      "intq": {},
      "is_param": true,
      "mpool_id": 1,
      "name": "batch_normalization_17_scale_array",
      "nbits": 32,
      "offset_start": 1150592,
      "qmn": {},
      "shape": [
        128
      ],
      "shape_map": [
        "CH"
      ],
      "size_bytes": 512
    },
    {
      "alignment": 4,
      "batch": 0,
      "channel_first": true,
      "channel_last": true,
      "epochs": {
        "end": 1,
        "start": 0
      },
      "flags": "STAI_FLAG_WEIGHTS|STAI_FLAG_CONST|STAI_FLAG_PREALLOCATED",
      "format": "STAI_FORMAT_FLOAT",
      "id": 312,
      "intq": {},
      "is_param": true,
      "mpool_id": 1,
      "name": "conv2d_12_bias_array",
      "nbits": 32,
      "offset_start": 3456,
      "qmn": {},
      "shape": [
        32
      ],
      "shape_map": [
        "CH"
      ],
      "size_bytes": 128
    },
    {
      "alignment": 4,
      "batch": 0,
      "channel_first": false,
      "channel_last": true,
      "epochs": {
        "end": 8,
        "start": 4
      },
      "flags": "STAI_FLAG_PREALLOCATED|STAI_FLAG_ACTIVATIONS",
      "format": "STAI_FORMAT_FLOAT",
      "id": 251,
      "intq": {},
      "is_param": false,
      "mpool_id": 0,
      "name": "conv2d_12_output_array",
      "nbits": 32,
      "offset_start": 12396,
      "qmn": {},
      "shape": [
        32,
        32,
        32
      ],
      "shape_map": [
        "H",
        "W",
        "CH"
      ],
      "size_bytes": 131072
    },
    {
      "alignment": 4,
      "batch": 0,
      "channel_first": false,
      "channel_last": true,
      "epochs": {
        "end": 6,
        "start": 3
      },
      "flags": "STAI_FLAG_PREALLOCATED|STAI_FLAG_ACTIVATIONS|STAI_FLAG_SCRATCHS",
      "format": "STAI_FORMAT_FLOAT",
      "id": 403,
      "intq": {},
      "is_param": false,
      "mpool_id": 0,
      "name": "conv2d_12_scratch0_array",
      "nbits": 32,
      "offset_start": 0,
      "qmn": {},
      "shape": [
        3,
        3,
        3,
        1
      ],
      "shape_map": [
        "H",
        "W",
        "CH",
        "CH_IN"
      ],
      "size_bytes": 108
    },
    {
      "alignment": 4,
      "batch": 0,
      "channel_first": true,
      "channel_last": false,
      "epochs": {
        "end": 1,
        "start": 0
      },
      "flags": "STAI_FLAG_WEIGHTS|STAI_FLAG_CONST|STAI_FLAG_PREALLOCATED",
      "format": "STAI_FORMAT_FLOAT",
      "id": 309,
      "intq": {},
      "is_param": true,
      "mpool_id": 1,
      "name": "conv2d_12_weights_array",
      "nbits": 32,
      "offset_start": 0,
      "qmn": {},
      "shape": [
        32,
        3,
        3,
        3
      ],
      "shape_map": [
        "CH",
        "H",
        "W",
        "CH_IN"
      ],
      "size_bytes": 3456
    },
    {
      "alignment": 4,
      "batch": 0,
      "channel_first": true,
      "channel_last": true,
      "epochs": {
        "end": 1,
        "start": 0
      },
      "flags": "STAI_FLAG_WEIGHTS|STAI_FLAG_CONST|STAI_FLAG_PREALLOCATED",
      "format": "STAI_FORMAT_FLOAT",
      "id": 324,
      "intq": {},
      "is_param": true,
      "mpool_id": 1,
      "name": "conv2d_13_bias_array",
      "nbits": 32,
      "offset_start": 40704,
      "qmn": {},
      "shape": [
        32
      ],
      "shape_map": [
        "CH"
      ],
      "size_bytes": 128
    },
    {
      "alignment": 4,
      "batch": 0,
      "channel_first": false,
      "channel_last": true,
      "epochs": {
        "end": 16,
        "start": 12
      },
      "flags": "STAI_FLAG_PREALLOCATED|STAI_FLAG_ACTIVATIONS",
      "format": "STAI_FORMAT_FLOAT",
      "id": 257,
      "intq": {},
      "is_param": false,
      "mpool_id": 0,
      "name": "conv2d_13_output_array",
      "nbits": 32,
      "offset_start": 3820,
      "qmn": {},
      "shape": [
        32,
        32,
        32
      ],
      "shape_map": [
        "H",
        "W",
        "CH"
      ],
      "size_bytes": 131072
    },
    {
      "alignment": 4,
      "batch": 0,
      "channel_first": false,
      "channel_last": true,
      "epochs": {
        "end": 14,
        "start": 11
      },
      "flags": "STAI_FLAG_PREALLOCATED|STAI_FLAG_ACTIVATIONS|STAI_FLAG_SCRATCHS",
      "format": "STAI_FORMAT_FLOAT",
      "id": 410,
      "intq": {},
      "is_param": false,
      "mpool_id": 0,
      "name": "conv2d_13_scratch0_array",
      "nbits": 32,
      "offset_start": 0,
      "qmn": {},
      "shape": [
        3,
        3,
        32,
        1
      ],
      "shape_map": [
        "H",
        "W",
        "CH",
        "CH_IN"
      ],
      "size_bytes": 1152
    },
    {
      "alignment": 4,
      "batch": 0,
      "channel_first": true,
      "channel_last": false,
      "epochs": {
        "end": 1,
        "start": 0
      },
      "flags": "STAI_FLAG_WEIGHTS|STAI_FLAG_CONST|STAI_FLAG_PREALLOCATED",
      "format": "STAI_FORMAT_FLOAT",
      "id": 321,
      "intq": {},
      "is_param": true,
      "mpool_id": 1,
      "name": "conv2d_13_weights_array",
      "nbits": 32,
      "offset_start": 3840,
      "qmn": {},
      "shape": [
        32,
        3,
        3,
        32
      ],
      "shape_map": [
        "CH",
        "H",
        "W",
        "CH_IN"
      ],
      "size_bytes": 36864
    },
    {
      "alignment": 4,
      "batch": 0,
      "channel_first": true,
      "channel_last": true,
      "epochs": {
        "end": 1,
        "start": 0
      },
      "flags": "STAI_FLAG_WEIGHTS|STAI_FLAG_CONST|STAI_FLAG_PREALLOCATED",
      "format": "STAI_FORMAT_FLOAT",
      "id": 336,
      "intq": {},
      "is_param": true,
      "mpool_id": 1,
      "name": "conv2d_14_bias_array",
      "nbits": 32,
      "offset_start": 114816,
      "qmn": {},
      "shape": [
        64
      ],
      "shape_map": [
        "CH"
      ],
      "size_bytes": 256
    },
    {
      "alignment": 4,
      "batch": 0,
      "channel_first": false,
      "channel_last": true,
      "epochs": {
        "end": 26,
        "start": 22
      },
      "flags": "STAI_FLAG_PREALLOCATED|STAI_FLAG_ACTIVATIONS",
      "format": "STAI_FORMAT_FLOAT",
      "id": 265,
      "intq": {},
      "is_param": false,
      "mpool_id": 0,
      "name": "conv2d_14_output_array",
      "nbits": 32,
      "offset_start": 36588,
      "qmn": {},
      "shape": [
        16,
        16,
        64
      ],
      "shape_map": [
        "H",
        "W",
        "CH"
      ],
      "size_bytes": 65536
    },
    {
      "alignment": 4,
      "batch": 0,
      "channel_first": false,
      "channel_last": true,
      "epochs": {
        "end": 24,
        "start": 21
      },
      "flags": "STAI_FLAG_PREALLOCATED|STAI_FLAG_ACTIVATIONS|STAI_FLAG_SCRATCHS",
      "format": "STAI_FORMAT_FLOAT",
      "id": 417,
      "intq": {},
      "is_param": false,
      "mpool_id": 0,
      "name": "conv2d_14_scratch0_array",
      "nbits": 32,
      "offset_start": 0,
      "qmn": {},
      "shape": [
        3,
        3,
        32,
        1
      ],
      "shape_map": [
        "H",
        "W",
        "CH",
        "CH_IN"
      ],
      "size_bytes": 1152
    },
    {
      "alignment": 4,
      "batch": 0,
      "channel_first": true,
      "channel_last": false,
      "epochs": {
        "end": 1,
        "start": 0
      },
      "flags": "STAI_FLAG_WEIGHTS|STAI_FLAG_CONST|STAI_FLAG_PREALLOCATED",
      "format": "STAI_FORMAT_FLOAT",
      "id": 333,
      "intq": {},
      "is_param": true,
      "mpool_id": 1,
      "name": "conv2d_14_weights_array",
      "nbits": 32,
      "offset_start": 41088,
      "qmn": {},
      "shape": [
        64,
        3,
        3,
        32
      ],
      "shape_map": [
        "CH",
        "H",
        "W",
        "CH_IN"
      ],
      "size_bytes": 73728
    },
    {
      "alignment": 4,
      "batch": 0,
      "channel_first": true,
      "channel_last": true,
      "epochs": {
        "end": 1,
        "start": 0
      },
      "flags": "STAI_FLAG_WEIGHTS|STAI_FLAG_CONST|STAI_FLAG_PREALLOCATED",
      "format": "STAI_FORMAT_FLOAT",
      "id": 348,
      "intq": {},
      "is_param": true,
      "mpool_id": 1,
      "name": "conv2d_15_bias_array",
      "nbits": 32,
      "offset_start": 263040,
      "qmn": {},
      "shape": [
        64
      ],
      "shape_map": [
        "CH"
      ],
      "size_bytes": 256
    },
    {
      "alignment": 4,
      "batch": 0,
      "channel_first": false,
      "channel_last": true,
      "epochs": {
        "end": 34,
        "start": 30
      },
      "flags": "STAI_FLAG_PREALLOCATED|STAI_FLAG_ACTIVATIONS",
      "format": "STAI_FORMAT_FLOAT",
      "id": 271,
      "intq": {},
      "is_param": false,
      "mpool_id": 0,
      "name": "conv2d_15_output_array",
      "nbits": 32,
      "offset_start": 27628,
      "qmn": {},
      "shape": [
        16,
        16,
        64
      ],
      "shape_map": [
        "H",
        "W",
        "CH"
      ],
      "size_bytes": 65536
    },
    {
      "alignment": 4,
      "batch": 0,
      "channel_first": false,
      "channel_last": true,
      "epochs": {
        "end": 32,
        "start": 29
      },
      "flags": "STAI_FLAG_PREALLOCATED|STAI_FLAG_ACTIVATIONS|STAI_FLAG_SCRATCHS",
      "format": "STAI_FORMAT_FLOAT",
      "id": 424,
      "intq": {},
      "is_param": false,
      "mpool_id": 0,
      "name": "conv2d_15_scratch0_array",
      "nbits": 32,
      "offset_start": 0,
      "qmn": {},
      "shape": [
        3,
        3,
        64,
        1
      ],
      "shape_map": [
        "H",
        "W",
        "CH",
        "CH_IN"
      ],
      "size_bytes": 2304
    },
    {
      "alignment": 4,
      "batch": 0,
      "channel_first": true,
      "channel_last": false,
      "epochs": {
        "end": 1,
        "start": 0
      },
      "flags": "STAI_FLAG_WEIGHTS|STAI_FLAG_CONST|STAI_FLAG_PREALLOCATED",
      "format": "STAI_FORMAT_FLOAT",
      "id": 345,
      "intq": {},
      "is_param": true,
      "mpool_id": 1,
      "name": "conv2d_15_weights_array",
      "nbits": 32,
      "offset_start": 115584,
      "qmn": {},
      "shape": [
        64,
        3,
        3,
        64
      ],
      "shape_map": [
        "CH",
        "H",
        "W",
        "CH_IN"
      ],
      "size_bytes": 147456
    },
    {
      "alignment": 4,
      "batch": 0,
      "channel_first": true,
      "channel_last": true,
      "epochs": {
        "end": 1,
        "start": 0
      },
      "flags": "STAI_FLAG_WEIGHTS|STAI_FLAG_CONST|STAI_FLAG_PREALLOCATED",
      "format": "STAI_FORMAT_FLOAT",
      "id": 360,
      "intq": {},
      "is_param": true,
      "mpool_id": 1,
      "name": "conv2d_16_bias_array",
      "nbits": 32,
      "offset_start": 558720,
      "qmn": {},
      "shape": [
        128
      ],
      "shape_map": [
        "CH"
      ],
      "size_bytes": 512
    },
    {
      "alignment": 4,
      "batch": 0,
      "channel_first": false,
      "channel_last": true,
      "epochs": {
        "end": 44,
        "start": 40
      },
      "flags": "STAI_FLAG_PREALLOCATED|STAI_FLAG_ACTIVATIONS",
      "format": "STAI_FORMAT_FLOAT",
      "id": 279,
      "intq": {},
      "is_param": false,
      "mpool_id": 0,
      "name": "conv2d_16_output_array",
      "nbits": 32,
      "offset_start": 18688,
      "qmn": {},
      "shape": [
        8,
        8,
        128
      ],
      "shape_map": [
        "H",
        "W",
        "CH"
      ],
      "size_bytes": 32768
    },
    {
      "alignment": 4,
      "batch": 0,
      "channel_first": false,
      "channel_last": true,
      "epochs": {
        "end": 42,
        "start": 39
      },
      "flags": "STAI_FLAG_PREALLOCATED|STAI_FLAG_ACTIVATIONS|STAI_FLAG_SCRATCHS",
      "format": "STAI_FORMAT_FLOAT",
      "id": 431,
      "intq": {},
      "is_param": false,
      "mpool_id": 0,
      "name": "conv2d_16_scratch0_array",
      "nbits": 32,
      "offset_start": 16384,
      "qmn": {},
      "shape": [
        3,
        3,
        64,
        1
      ],
      "shape_map": [
        "H",
        "W",
        "CH",
        "CH_IN"
      ],
      "size_bytes": 2304
    },
    {
      "alignment": 4,
      "batch": 0,
      "channel_first": true,
      "channel_last": false,
      "epochs": {
        "end": 1,
        "start": 0
      },
      "flags": "STAI_FLAG_WEIGHTS|STAI_FLAG_CONST|STAI_FLAG_PREALLOCATED",
      "format": "STAI_FORMAT_FLOAT",
      "id": 357,
      "intq": {},
      "is_param": true,
      "mpool_id": 1,
      "name": "conv2d_16_weights_array",
      "nbits": 32,
      "offset_start": 263808,
      "qmn": {},
      "shape": [
        128,
        3,
        3,
        64
      ],
      "shape_map": [
        "CH",
        "H",
        "W",
        "CH_IN"
      ],
      "size_bytes": 294912
    },
    {
      "alignment": 4,
      "batch": 0,
      "channel_first": true,
      "channel_last": true,
      "epochs": {
        "end": 1,
        "start": 0
      },
      "flags": "STAI_FLAG_WEIGHTS|STAI_FLAG_CONST|STAI_FLAG_PREALLOCATED",
      "format": "STAI_FORMAT_FLOAT",
      "id": 372,
      "intq": {},
      "is_param": true,
      "mpool_id": 1,
      "name": "conv2d_17_bias_array",
      "nbits": 32,
      "offset_start": 1150080,
      "qmn": {},
      "shape": [
        128
      ],
      "shape_map": [
        "CH"
      ],
      "size_bytes": 512
    },
    {
      "alignment": 4,
      "batch": 0,
      "channel_first": false,
      "channel_last": true,
      "epochs": {
        "end": 54,
        "start": 50
      },
      "flags": "STAI_FLAG_PREALLOCATED|STAI_FLAG_ACTIVATIONS",
      "format": "STAI_FORMAT_FLOAT",
      "id": 287,
      "intq": {},
      "is_param": false,
      "mpool_id": 0,
      "name": "conv2d_17_output_array",
      "nbits": 32,
      "offset_start": 4608,
      "qmn": {},
      "shape": [
        4,
        4,
        128
      ],
      "shape_map": [
        "H",
        "W",
        "CH"
      ],
      "size_bytes": 8192
    },
    {
      "alignment": 4,
      "batch": 0,
      "channel_first": false,
      "channel_last": true,
      "epochs": {
        "end": 52,
        "start": 49
      },
      "flags": "STAI_FLAG_PREALLOCATED|STAI_FLAG_ACTIVATIONS|STAI_FLAG_SCRATCHS",
      "format": "STAI_FORMAT_FLOAT",
      "id": 438,
      "intq": {},
      "is_param": false,
      "mpool_id": 0,
      "name": "conv2d_17_scratch0_array",
      "nbits": 32,
      "offset_start": 0,
      "qmn": {},
      "shape": [
        3,
        3,
        128,
        1
      ],
      "shape_map": [
        "H",
        "W",
        "CH",
        "CH_IN"
      ],
      "size_bytes": 4608
    },
    {
      "alignment": 4,
      "batch": 0,
      "channel_first": true,
      "channel_last": false,
      "epochs": {
        "end": 1,
        "start": 0
      },
      "flags": "STAI_FLAG_WEIGHTS|STAI_FLAG_CONST|STAI_FLAG_PREALLOCATED",
      "format": "STAI_FORMAT_FLOAT",
      "id": 369,
      "intq": {},
      "is_param": true,
      "mpool_id": 1,
      "name": "conv2d_17_weights_array",
      "nbits": 32,
      "offset_start": 560256,
      "qmn": {},
      "shape": [
        128,
        3,
        3,
        128
      ],
      "shape_map": [
        "CH",
        "H",
        "W",
        "CH_IN"
      ],
      "size_bytes": 589824
    },
    {
      "alignment": 4,
      "batch": 0,
      "channel_first": true,
      "channel_last": true,
      "epochs": {
        "end": 1,
        "start": 0
      },
      "flags": "STAI_FLAG_WEIGHTS|STAI_FLAG_CONST|STAI_FLAG_PREALLOCATED",
      "format": "STAI_FORMAT_FLOAT",
      "id": 384,
      "intq": {},
      "is_param": true,
      "mpool_id": 1,
      "name": "dense_6_dense_bias_array",
      "nbits": 32,
      "offset_start": 1675904,
      "qmn": {},
      "shape": [
        1024
      ],
      "shape_map": [
        "CH"
      ],
      "size_bytes": 4096
    },
    {
      "alignment": 4,
      "batch": 0,
      "channel_first": true,
      "channel_last": true,
      "epochs": {
        "end": 64,
        "start": 61
      },
      "flags": "STAI_FLAG_PREALLOCATED|STAI_FLAG_ACTIVATIONS",
      "format": "STAI_FORMAT_FLOAT",
      "id": 297,
      "intq": {},
      "is_param": false,
      "mpool_id": 0,
      "name": "dense_6_dense_output_array",
      "nbits": 32,
      "offset_start": 512,
      "qmn": {},
      "shape": [
        1024
      ],
      "shape_map": [
        "CH"
      ],
      "size_bytes": 4096
    },
    {
      "alignment": 4,
      "batch": 0,
      "channel_first": true,
      "channel_last": true,
      "epochs": {
        "end": 1,
        "start": 0
      },
      "flags": "STAI_FLAG_WEIGHTS|STAI_FLAG_CONST|STAI_FLAG_PREALLOCATED",
      "format": "STAI_FORMAT_FLOAT",
      "id": 381,
      "intq": {},
      "is_param": true,
      "mpool_id": 1,
      "name": "dense_6_dense_weights_array",
      "nbits": 32,
      "offset_start": 1151616,
      "qmn": {},
      "shape": [
        1024,
        128
      ],
      "shape_map": [
        "CH",
        "CH_IN"
      ],
      "size_bytes": 524288
    },
    {
      "alignment": 4,
      "batch": 0,
      "channel_first": true,
      "channel_last": true,
      "epochs": {
        "end": 66,
        "start": 63
      },
      "flags": "STAI_FLAG_PREALLOCATED|STAI_FLAG_ACTIVATIONS",
      "format": "STAI_FORMAT_FLOAT",
      "id": 299,
      "intq": {},
      "is_param": false,
      "mpool_id": 0,
      "name": "dense_6_output_array",
      "nbits": 32,
      "offset_start": 4608,
      "qmn": {},
      "shape": [
        1024
      ],
      "shape_map": [
        "CH"
      ],
      "size_bytes": 4096
    },
    {
      "alignment": 4,
      "batch": 0,
      "channel_first": true,
      "channel_last": true,
      "epochs": {
        "end": 1,
        "start": 0
      },
      "flags": "STAI_FLAG_WEIGHTS|STAI_FLAG_CONST|STAI_FLAG_PREALLOCATED",
      "format": "STAI_FORMAT_FLOAT",
      "id": 390,
      "intq": {},
      "is_param": true,
      "mpool_id": 1,
      "name": "dense_7_dense_bias_array",
      "nbits": 32,
      "offset_start": 3777152,
      "qmn": {},
      "shape": [
        512
      ],
      "shape_map": [
        "CH"
      ],
      "size_bytes": 2048
    },
    {
      "alignment": 4,
      "batch": 0,
      "channel_first": true,
      "channel_last": true,
      "epochs": {
        "end": 68,
        "start": 65
      },
      "flags": "STAI_FLAG_PREALLOCATED|STAI_FLAG_ACTIVATIONS",
      "format": "STAI_FORMAT_FLOAT",
      "id": 301,
      "intq": {},
      "is_param": false,
      "mpool_id": 0,
      "name": "dense_7_dense_output_array",
      "nbits": 32,
      "offset_start": 0,
      "qmn": {},
      "shape": [
        512
      ],
      "shape_map": [
        "CH"
      ],
      "size_bytes": 2048
    },
    {
      "alignment": 4,
      "batch": 0,
      "channel_first": true,
      "channel_last": true,
      "epochs": {
        "end": 1,
        "start": 0
      },
      "flags": "STAI_FLAG_WEIGHTS|STAI_FLAG_CONST|STAI_FLAG_PREALLOCATED",
      "format": "STAI_FORMAT_FLOAT",
      "id": 387,
      "intq": {},
      "is_param": true,
      "mpool_id": 1,
      "name": "dense_7_dense_weights_array",
      "nbits": 32,
      "offset_start": 1680000,
      "qmn": {},
      "shape": [
        512,
        1024
      ],
      "shape_map": [
        "CH",
        "CH_IN"
      ],
      "size_bytes": 2097152
    },
    {
      "alignment": 4,
      "batch": 0,
      "channel_first": true,
      "channel_last": true,
      "epochs": {
        "end": 70,
        "start": 67
      },
      "flags": "STAI_FLAG_PREALLOCATED|STAI_FLAG_ACTIVATIONS",
      "format": "STAI_FORMAT_FLOAT",
      "id": 303,
      "intq": {},
      "is_param": false,
      "mpool_id": 0,
      "name": "dense_7_output_array",
      "nbits": 32,
      "offset_start": 2048,
      "qmn": {},
      "shape": [
        512
      ],
      "shape_map": [
        "CH"
      ],
      "size_bytes": 2048
    },
    {
      "alignment": 4,
      "batch": 0,
      "channel_first": true,
      "channel_last": true,
      "epochs": {
        "end": 1,
        "start": 0
      },
      "flags": "STAI_FLAG_WEIGHTS|STAI_FLAG_CONST|STAI_FLAG_PREALLOCATED",
      "format": "STAI_FORMAT_FLOAT",
      "id": 396,
      "intq": {},
      "is_param": true,
      "mpool_id": 1,
      "name": "dense_8_dense_bias_array",
      "nbits": 32,
      "offset_start": 3799680,
      "qmn": {},
      "shape": [
        10
      ],
      "shape_map": [
        "CH"
      ],
      "size_bytes": 40
    },
    {
      "alignment": 4,
      "batch": 0,
      "channel_first": true,
      "channel_last": true,
      "epochs": {
        "end": 72,
        "start": 69
      },
      "flags": "STAI_FLAG_PREALLOCATED|STAI_FLAG_ACTIVATIONS",
      "format": "STAI_FORMAT_FLOAT",
      "id": 305,
      "intq": {},
      "is_param": false,
      "mpool_id": 0,
      "name": "dense_8_dense_output_array",
      "nbits": 32,
      "offset_start": 0,
      "qmn": {},
      "shape": [
        10
      ],
      "shape_map": [
        "CH"
      ],
      "size_bytes": 40
    },
    {
      "alignment": 4,
      "batch": 0,
      "channel_first": true,
      "channel_last": true,
      "epochs": {
        "end": 1,
        "start": 0
      },
      "flags": "STAI_FLAG_WEIGHTS|STAI_FLAG_CONST|STAI_FLAG_PREALLOCATED",
      "format": "STAI_FORMAT_FLOAT",
      "id": 393,
      "intq": {},
      "is_param": true,
      "mpool_id": 1,
      "name": "dense_8_dense_weights_array",
      "nbits": 32,
      "offset_start": 3779200,
      "qmn": {},
      "shape": [
        10,
        512
      ],
      "shape_map": [
        "CH",
        "CH_IN"
      ],
      "size_bytes": 20480
    },
    {
      "alignment": 4,
      "batch": 0,
      "channel_first": true,
      "channel_last": true,
      "epochs": {
        "end": 73,
        "start": 71
      },
      "flags": "STAI_FLAG_OUTPUTS|STAI_FLAG_PREALLOCATED|STAI_FLAG_ACTIVATIONS",
      "format": "STAI_FORMAT_FLOAT",
      "id": 307,
      "intq": {},
      "is_param": false,
      "mpool_id": 0,
      "name": "dense_8_output_array",
      "nbits": 32,
      "offset_start": 40,
      "qmn": {},
      "shape": [
        10
      ],
      "shape_map": [
        "CH"
      ],
      "size_bytes": 40
    },
    {
      "alignment": 4,
      "batch": 0,
      "channel_first": false,
      "channel_last": true,
      "epochs": {
        "end": 62,
        "start": 59
      },
      "flags": "STAI_FLAG_PREALLOCATED|STAI_FLAG_ACTIVATIONS",
      "format": "STAI_FORMAT_FLOAT",
      "id": 295,
      "intq": {},
      "is_param": false,
      "mpool_id": 0,
      "name": "global_average_pooling2d_2_pool_output_array",
      "nbits": 32,
      "offset_start": 0,
      "qmn": {},
      "shape": [
        1,
        1,
        128
      ],
      "shape_map": [
        "H",
        "W",
        "CH"
      ],
      "size_bytes": 512
    },
    {
      "alignment": 4,
      "batch": 0,
      "channel_first": false,
      "channel_last": true,
      "epochs": {
        "end": 5,
        "start": 2
      },
      "flags": "STAI_FLAG_INPUTS|STAI_FLAG_PREALLOCATED|STAI_FLAG_ACTIVATIONS",
      "format": "STAI_FORMAT_FLOAT",
      "id": 249,
      "intq": {},
      "is_param": false,
      "mpool_id": 0,
      "name": "input_0_output_array",
      "nbits": 32,
      "offset_start": 108,
      "qmn": {},
      "shape": [
        32,
        32,
        3
      ],
      "shape_map": [
        "H",
        "W",
        "CH"
      ],
      "size_bytes": 12288
    },
    {
      "alignment": 4,
      "batch": 0,
      "channel_first": false,
      "channel_last": true,
      "epochs": {
        "end": 51,
        "start": 47
      },
      "flags": "STAI_FLAG_PREALLOCATED|STAI_FLAG_ACTIVATIONS",
      "format": "STAI_FORMAT_FLOAT",
      "id": 285,
      "intq": {},
      "is_param": false,
      "mpool_id": 0,
      "name": "max_pooling2d_10_output_array",
      "nbits": 32,
      "offset_start": 32768,
      "qmn": {},
      "shape": [
        4,
        4,
        128
      ],
      "shape_map": [
        "H",
        "W",
        "CH"
      ],
      "size_bytes": 8192
    },
    {
      "alignment": 4,
      "batch": 0,
      "channel_first": false,
      "channel_last": true,
      "epochs": {
        "end": 60,
        "start": 57
      },
      "flags": "STAI_FLAG_PREALLOCATED|STAI_FLAG_ACTIVATIONS",
      "format": "STAI_FORMAT_FLOAT",
      "id": 293,
      "intq": {},
      "is_param": false,
      "mpool_id": 0,
      "name": "max_pooling2d_11_output_array",
      "nbits": 32,
      "offset_start": 8192,
      "qmn": {},
      "shape": [
        2,
        2,
        128
      ],
      "shape_map": [
        "H",
        "W",
        "CH"
      ],
      "size_bytes": 2048
    },
    {
      "alignment": 4,
      "batch": 0,
      "channel_first": false,
      "channel_last": true,
      "epochs": {
        "end": 23,
        "start": 19
      },
      "flags": "STAI_FLAG_PREALLOCATED|STAI_FLAG_ACTIVATIONS",
      "format": "STAI_FORMAT_FLOAT",
      "id": 263,
      "intq": {},
      "is_param": false,
      "mpool_id": 0,
      "name": "max_pooling2d_8_output_array",
      "nbits": 32,
      "offset_start": 3820,
      "qmn": {},
      "shape": [
        16,
        16,
        32
      ],
      "shape_map": [
        "H",
        "W",
        "CH"
      ],
      "size_bytes": 32768
    },
    {
      "alignment": 4,
      "batch": 0,
      "channel_first": false,
      "channel_last": true,
      "epochs": {
        "end": 41,
        "start": 37
      },
      "flags": "STAI_FLAG_PREALLOCATED|STAI_FLAG_ACTIVATIONS",
      "format": "STAI_FORMAT_FLOAT",
      "id": 277,
      "intq": {},
      "is_param": false,
      "mpool_id": 0,
      "name": "max_pooling2d_9_output_array",
      "nbits": 32,
      "offset_start": 0,
      "qmn": {},
      "shape": [
        8,
        8,
        64
      ],
      "shape_map": [
        "H",
        "W",
        "CH"
      ],
      "size_bytes": 16384
    }
  ],
  "environment": {
    "generated_model": {
      "generated_time": "2025-10-27T12:28:04+0100",
      "model_files": [
        {
          "name": "cifar10_data_params.h",
          "signature": "0x7d2dbb675238986ca2ce8e17d6f81335"
        },
        {
          "name": "cifar10_data_params.c",
          "signature": "0x299c33f34de34065952bc0bc28564a16"
        },
        {
          "name": "cifar10_data.h",
          "signature": "0x8295f49aef88d31b329591b7c2179273"
        },
        {
          "name": "cifar10_data.c",
          "signature": "0x34dec9e06592e4d4b0b0c16755bbf640"
        },
        {
          "name": "cifar10_config.h",
          "signature": "0x0215df99b0cd81842738fe19d6b4380d"
        },
        {
          "name": "cifar10.h",
          "signature": "0xfc73f71131314f6fe04c657fffe72ee9"
        },
        {
          "name": "cifar10.c",
          "signature": "0x4715d6a45a378b414d1952887f9f2706"
        }
      ],
      "name": "cifar10"
    },
    "network_signature": "0x7baf3e7d2d2537a4",
    "test_name": "",
    "tools": [
      {
        "arguments": "analyze --target stm32l4 --name cifar10 -m C:/Users/marcs/OneDrive/Documents/Cours/Semestre 9/EMSE - Cours/IA_Embarquee/Initial_model_dataset/Model_initial/CIFAR10_VGG11_modele1.h5 --compression none --verbosity 1 --workspace C:/Users/marcs/AppData/Local/Temp/mxAI_workspace15420891872840011094458211668709242 --output C:/Users/marcs/.stm32cubemx/cifar10_output",
        "environment": [
          "STATS_TYPE=X-CUBE-AI"
        ],
        "input_model": {
          "model_files": [
            {
              "name": "CIFAR10_VGG11_modele1.h5",
              "signature": "0x8aab660162c1873110aba0d0ba0333b8"
            }
          ],
          "n_params": 949930,
          "name": "CIFAR10_VGG11_modele1",
          "size": 3799720,
          "type": "keras"
        },
        "name": "ST.EdgeAI.Core",
        "version": "2.2.0-20266 2adc00962"
      }
    ]
  },
  "graphs": [
    {
      "edges": [
        {
          "buffer": 251,
          "edge_kind": "EDGE_MEMORY",
          "end": {
            "node_id": 38,
            "port": 0
          },
          "id": 0,
          "name": "n37-p0_n38-p0",
          "start": {
            "node_id": 37,
            "port": 0
          }
        },
        {
          "buffer": 253,
          "edge_kind": "EDGE_MEMORY",
          "end": {
            "node_id": 39,
            "port": 0
          },
          "id": 1,
          "name": "n38-p0_n39-p0",
          "start": {
            "node_id": 38,
            "port": 0
          }
        },
        {
          "buffer": 255,
          "edge_kind": "EDGE_MEMORY",
          "end": {
            "node_id": 40,
            "port": 0
          },
          "id": 2,
          "name": "n39-p0_n40-p0",
          "start": {
            "node_id": 39,
            "port": 0
          }
        },
        {
          "buffer": 257,
          "edge_kind": "EDGE_MEMORY",
          "end": {
            "node_id": 41,
            "port": 0
          },
          "id": 3,
          "name": "n40-p0_n41-p0",
          "start": {
            "node_id": 40,
            "port": 0
          }
        },
        {
          "buffer": 259,
          "edge_kind": "EDGE_MEMORY",
          "end": {
            "node_id": 42,
            "port": 0
          },
          "id": 4,
          "name": "n41-p0_n42-p0",
          "start": {
            "node_id": 41,
            "port": 0
          }
        },
        {
          "buffer": 261,
          "edge_kind": "EDGE_MEMORY",
          "end": {
            "node_id": 43,
            "port": 0
          },
          "id": 5,
          "name": "n42-p0_n43-p0",
          "start": {
            "node_id": 42,
            "port": 0
          }
        },
        {
          "buffer": 263,
          "edge_kind": "EDGE_MEMORY",
          "end": {
            "node_id": 44,
            "port": 0
          },
          "id": 6,
          "name": "n43-p0_n44-p0",
          "start": {
            "node_id": 43,
            "port": 0
          }
        },
        {
          "buffer": 265,
          "edge_kind": "EDGE_MEMORY",
          "end": {
            "node_id": 45,
            "port": 0
          },
          "id": 7,
          "name": "n44-p0_n45-p0",
          "start": {
            "node_id": 44,
            "port": 0
          }
        },
        {
          "buffer": 267,
          "edge_kind": "EDGE_MEMORY",
          "end": {
            "node_id": 46,
            "port": 0
          },
          "id": 8,
          "name": "n45-p0_n46-p0",
          "start": {
            "node_id": 45,
            "port": 0
          }
        },
        {
          "buffer": 269,
          "edge_kind": "EDGE_MEMORY",
          "end": {
            "node_id": 47,
            "port": 0
          },
          "id": 9,
          "name": "n46-p0_n47-p0",
          "start": {
            "node_id": 46,
            "port": 0
          }
        },
        {
          "buffer": 271,
          "edge_kind": "EDGE_MEMORY",
          "end": {
            "node_id": 48,
            "port": 0
          },
          "id": 10,
          "name": "n47-p0_n48-p0",
          "start": {
            "node_id": 47,
            "port": 0
          }
        },
        {
          "buffer": 273,
          "edge_kind": "EDGE_MEMORY",
          "end": {
            "node_id": 49,
            "port": 0
          },
          "id": 11,
          "name": "n48-p0_n49-p0",
          "start": {
            "node_id": 48,
            "port": 0
          }
        },
        {
          "buffer": 275,
          "edge_kind": "EDGE_MEMORY",
          "end": {
            "node_id": 50,
            "port": 0
          },
          "id": 12,
          "name": "n49-p0_n50-p0",
          "start": {
            "node_id": 49,
            "port": 0
          }
        },
        {
          "buffer": 277,
          "edge_kind": "EDGE_MEMORY",
          "end": {
            "node_id": 51,
            "port": 0
          },
          "id": 13,
          "name": "n50-p0_n51-p0",
          "start": {
            "node_id": 50,
            "port": 0
          }
        },
        {
          "buffer": 279,
          "edge_kind": "EDGE_MEMORY",
          "end": {
            "node_id": 52,
            "port": 0
          },
          "id": 14,
          "name": "n51-p0_n52-p0",
          "start": {
            "node_id": 51,
            "port": 0
          }
        },
        {
          "buffer": 281,
          "edge_kind": "EDGE_MEMORY",
          "end": {
            "node_id": 53,
            "port": 0
          },
          "id": 15,
          "name": "n52-p0_n53-p0",
          "start": {
            "node_id": 52,
            "port": 0
          }
        },
        {
          "buffer": 283,
          "edge_kind": "EDGE_MEMORY",
          "end": {
            "node_id": 54,
            "port": 0
          },
          "id": 16,
          "name": "n53-p0_n54-p0",
          "start": {
            "node_id": 53,
            "port": 0
          }
        },
        {
          "buffer": 285,
          "edge_kind": "EDGE_MEMORY",
          "end": {
            "node_id": 55,
            "port": 0
          },
          "id": 17,
          "name": "n54-p0_n55-p0",
          "start": {
            "node_id": 54,
            "port": 0
          }
        },
        {
          "buffer": 287,
          "edge_kind": "EDGE_MEMORY",
          "end": {
            "node_id": 56,
            "port": 0
          },
          "id": 18,
          "name": "n55-p0_n56-p0",
          "start": {
            "node_id": 55,
            "port": 0
          }
        },
        {
          "buffer": 289,
          "edge_kind": "EDGE_MEMORY",
          "end": {
            "node_id": 57,
            "port": 0
          },
          "id": 19,
          "name": "n56-p0_n57-p0",
          "start": {
            "node_id": 56,
            "port": 0
          }
        },
        {
          "buffer": 291,
          "edge_kind": "EDGE_MEMORY",
          "end": {
            "node_id": 58,
            "port": 0
          },
          "id": 20,
          "name": "n57-p0_n58-p0",
          "start": {
            "node_id": 57,
            "port": 0
          }
        },
        {
          "buffer": 293,
          "edge_kind": "EDGE_MEMORY",
          "end": {
            "node_id": 59,
            "port": 0
          },
          "id": 21,
          "name": "n58-p0_n59-p0",
          "start": {
            "node_id": 58,
            "port": 0
          }
        },
        {
          "buffer": 295,
          "edge_kind": "EDGE_MEMORY",
          "end": {
            "node_id": 60,
            "port": 0
          },
          "id": 22,
          "name": "n59-p0_n60-p0",
          "start": {
            "node_id": 59,
            "port": 0
          }
        },
        {
          "buffer": 297,
          "edge_kind": "EDGE_MEMORY",
          "end": {
            "node_id": 61,
            "port": 0
          },
          "id": 23,
          "name": "n60-p0_n61-p0",
          "start": {
            "node_id": 60,
            "port": 0
          }
        },
        {
          "buffer": 299,
          "edge_kind": "EDGE_MEMORY",
          "end": {
            "node_id": 62,
            "port": 0
          },
          "id": 24,
          "name": "n61-p0_n62-p0",
          "start": {
            "node_id": 61,
            "port": 0
          }
        },
        {
          "buffer": 301,
          "edge_kind": "EDGE_MEMORY",
          "end": {
            "node_id": 63,
            "port": 0
          },
          "id": 25,
          "name": "n62-p0_n63-p0",
          "start": {
            "node_id": 62,
            "port": 0
          }
        },
        {
          "buffer": 303,
          "edge_kind": "EDGE_MEMORY",
          "end": {
            "node_id": 64,
            "port": 0
          },
          "id": 26,
          "name": "n63-p0_n64-p0",
          "start": {
            "node_id": 63,
            "port": 0
          }
        },
        {
          "buffer": 305,
          "edge_kind": "EDGE_MEMORY",
          "end": {
            "node_id": 65,
            "port": 0
          },
          "id": 27,
          "name": "n64-p0_n65-p0",
          "start": {
            "node_id": 64,
            "port": 0
          }
        }
      ],
      "id": 0,
      "inputs": [
        249
      ],
      "name": "CIFAR10_VGG11_modele1",
      "nodes": [
        {
          "attributes": {
            "dilation": "{H: 1, W: 1}",
            "filter_size": "(3, 3)",
            "groups": "1",
            "is_depthwise": "False",
            "is_grouped_conv": "False",
            "num_filters": "32",
            "pad": "{H: (1, 1), W: (1, 1)}",
            "pad_strategy": "same",
            "pad_value": "0",
            "stride": "(1, 1)",
            "use_bias": "True",
            "weights_prefetch": "True"
          },
          "description": "Conv2D",
          "id": 37,
          "inputs": [
            249,
            309,
            312
          ],
          "macc": 884768,
          "mapping": "NODE_SW",
          "name": "conv2d_12",
          "original_nodes": [
            "0"
          ],
          "outputs": [
            251
          ],
          "scratchs": [
            403
          ],
          "subgraph_nodes": [],
          "sw_functions": [
            "forward_conv2d_if32of32wf32"
          ]
        },
        {
          "attributes": {
            "nonlinearity": "relu"
          },
          "description": "Nonlinearity",
          "id": 38,
          "inputs": [
            251
          ],
          "macc": 32768,
          "mapping": "NODE_SW",
          "name": "activation_12",
          "original_nodes": [
            "1"
          ],
          "outputs": [
            253
          ],
          "scratchs": [],
          "subgraph_nodes": [],
          "sw_functions": [
            "forward_relu"
          ]
        },
        {
          "attributes": {
            "dl_axis": "-1",
            "ir_axis": "CH",
            "use_bias": "True"
          },
          "description": "ScaleBias",
          "id": 39,
          "inputs": [
            253,
            315,
            318
          ],
          "macc": 65536,
          "mapping": "NODE_SW",
          "name": "batch_normalization_12",
          "original_nodes": [
            "2"
          ],
          "outputs": [
            255
          ],
          "scratchs": [],
          "subgraph_nodes": [],
          "sw_functions": [
            "forward_bn"
          ]
        },
        {
          "attributes": {
            "dilation": "{H: 1, W: 1}",
            "filter_size": "(3, 3)",
            "groups": "1",
            "is_depthwise": "False",
            "is_grouped_conv": "False",
            "num_filters": "32",
            "pad": "{H: (1, 1), W: (1, 1)}",
            "pad_strategy": "same",
            "pad_value": "0",
            "stride": "(1, 1)",
            "use_bias": "True",
            "weights_prefetch": "True"
          },
          "description": "Conv2D",
          "id": 40,
          "inputs": [
            255,
            321,
            324
          ],
          "macc": 9437216,
          "mapping": "NODE_SW",
          "name": "conv2d_13",
          "original_nodes": [
            "3"
          ],
          "outputs": [
            257
          ],
          "scratchs": [
            410
          ],
          "subgraph_nodes": [],
          "sw_functions": [
            "forward_conv2d_if32of32wf32"
          ]
        },
        {
          "attributes": {
            "nonlinearity": "relu"
          },
          "description": "Nonlinearity",
          "id": 41,
          "inputs": [
            257
          ],
          "macc": 32768,
          "mapping": "NODE_SW",
          "name": "activation_13",
          "original_nodes": [
            "4"
          ],
          "outputs": [
            259
          ],
          "scratchs": [],
          "subgraph_nodes": [],
          "sw_functions": [
            "forward_relu"
          ]
        },
        {
          "attributes": {
            "dl_axis": "-1",
            "ir_axis": "CH",
            "use_bias": "True"
          },
          "description": "ScaleBias",
          "id": 42,
          "inputs": [
            259,
            327,
            330
          ],
          "macc": 65536,
          "mapping": "NODE_SW",
          "name": "batch_normalization_13",
          "original_nodes": [
            "6"
          ],
          "outputs": [
            261
          ],
          "scratchs": [],
          "subgraph_nodes": [],
          "sw_functions": [
            "forward_bn"
          ]
        },
        {
          "attributes": {
            "ceil_mode": "floor",
            "pool_function": "max",
            "pool_pad": "{H: (0, 0), W: (0, 0)}",
            "pool_size": "(2, 2)",
            "pool_stride": "(2, 2)"
          },
          "description": "Pool",
          "id": 43,
          "inputs": [
            261
          ],
          "macc": 32768,
          "mapping": "NODE_SW",
          "name": "max_pooling2d_8",
          "original_nodes": [
            "7"
          ],
          "outputs": [
            263
          ],
          "scratchs": [],
          "subgraph_nodes": [],
          "sw_functions": [
            "forward_mp"
          ]
        },
        {
          "attributes": {
            "dilation": "{H: 1, W: 1}",
            "filter_size": "(3, 3)",
            "groups": "1",
            "is_depthwise": "False",
            "is_grouped_conv": "False",
            "num_filters": "64",
            "pad": "{H: (1, 1), W: (1, 1)}",
            "pad_strategy": "same",
            "pad_value": "0",
            "stride": "(1, 1)",
            "use_bias": "True",
            "weights_prefetch": "True"
          },
          "description": "Conv2D",
          "id": 44,
          "inputs": [
            263,
            333,
            336
          ],
          "macc": 4718656,
          "mapping": "NODE_SW",
          "name": "conv2d_14",
          "original_nodes": [
            "8"
          ],
          "outputs": [
            265
          ],
          "scratchs": [
            417
          ],
          "subgraph_nodes": [],
          "sw_functions": [
            "forward_conv2d_if32of32wf32"
          ]
        },
        {
          "attributes": {
            "nonlinearity": "relu"
          },
          "description": "Nonlinearity",
          "id": 45,
          "inputs": [
            265
          ],
          "macc": 16384,
          "mapping": "NODE_SW",
          "name": "activation_14",
          "original_nodes": [
            "9"
          ],
          "outputs": [
            267
          ],
          "scratchs": [],
          "subgraph_nodes": [],
          "sw_functions": [
            "forward_relu"
          ]
        },
        {
          "attributes": {
            "dl_axis": "-1",
            "ir_axis": "CH",
            "use_bias": "True"
          },
          "description": "ScaleBias",
          "id": 46,
          "inputs": [
            267,
            339,
            342
          ],
          "macc": 32768,
          "mapping": "NODE_SW",
          "name": "batch_normalization_14",
          "original_nodes": [
            "10"
          ],
          "outputs": [
            269
          ],
          "scratchs": [],
          "subgraph_nodes": [],
          "sw_functions": [
            "forward_bn"
          ]
        },
        {
          "attributes": {
            "dilation": "{H: 1, W: 1}",
            "filter_size": "(3, 3)",
            "groups": "1",
            "is_depthwise": "False",
            "is_grouped_conv": "False",
            "num_filters": "64",
            "pad": "{H: (1, 1), W: (1, 1)}",
            "pad_strategy": "same",
            "pad_value": "0",
            "stride": "(1, 1)",
            "use_bias": "True",
            "weights_prefetch": "True"
          },
          "description": "Conv2D",
          "id": 47,
          "inputs": [
            269,
            345,
            348
          ],
          "macc": 9437248,
          "mapping": "NODE_SW",
          "name": "conv2d_15",
          "original_nodes": [
            "11"
          ],
          "outputs": [
            271
          ],
          "scratchs": [
            424
          ],
          "subgraph_nodes": [],
          "sw_functions": [
            "forward_conv2d_if32of32wf32"
          ]
        },
        {
          "attributes": {
            "nonlinearity": "relu"
          },
          "description": "Nonlinearity",
          "id": 48,
          "inputs": [
            271
          ],
          "macc": 16384,
          "mapping": "NODE_SW",
          "name": "activation_15",
          "original_nodes": [
            "12"
          ],
          "outputs": [
            273
          ],
          "scratchs": [],
          "subgraph_nodes": [],
          "sw_functions": [
            "forward_relu"
          ]
        },
        {
          "attributes": {
            "dl_axis": "-1",
            "ir_axis": "CH",
            "use_bias": "True"
          },
          "description": "ScaleBias",
          "id": 49,
          "inputs": [
            273,
            351,
            354
          ],
          "macc": 32768,
          "mapping": "NODE_SW",
          "name": "batch_normalization_15",
          "original_nodes": [
            "14"
          ],
          "outputs": [
            275
          ],
          "scratchs": [],
          "subgraph_nodes": [],
          "sw_functions": [
            "forward_bn"
          ]
        },
        {
          "attributes": {
            "ceil_mode": "floor",
            "pool_function": "max",
            "pool_pad": "{H: (0, 0), W: (0, 0)}",
            "pool_size": "(2, 2)",
            "pool_stride": "(2, 2)"
          },
          "description": "Pool",
          "id": 50,
          "inputs": [
            275
          ],
          "macc": 16384,
          "mapping": "NODE_SW",
          "name": "max_pooling2d_9",
          "original_nodes": [
            "15"
          ],
          "outputs": [
            277
          ],
          "scratchs": [],
          "subgraph_nodes": [],
          "sw_functions": [
            "forward_mp"
          ]
        },
        {
          "attributes": {
            "dilation": "{H: 1, W: 1}",
            "filter_size": "(3, 3)",
            "groups": "1",
            "is_depthwise": "False",
            "is_grouped_conv": "False",
            "num_filters": "128",
            "pad": "{H: (1, 1), W: (1, 1)}",
            "pad_strategy": "same",
            "pad_value": "0",
            "stride": "(1, 1)",
            "use_bias": "True",
            "weights_prefetch": "True"
          },
          "description": "Conv2D",
          "id": 51,
          "inputs": [
            277,
            357,
            360
          ],
          "macc": 4718720,
          "mapping": "NODE_SW",
          "name": "conv2d_16",
          "original_nodes": [
            "16"
          ],
          "outputs": [
            279
          ],
          "scratchs": [
            431
          ],
          "subgraph_nodes": [],
          "sw_functions": [
            "forward_conv2d_if32of32wf32"
          ]
        },
        {
          "attributes": {
            "nonlinearity": "relu"
          },
          "description": "Nonlinearity",
          "id": 52,
          "inputs": [
            279
          ],
          "macc": 8192,
          "mapping": "NODE_SW",
          "name": "activation_16",
          "original_nodes": [
            "17"
          ],
          "outputs": [
            281
          ],
          "scratchs": [],
          "subgraph_nodes": [],
          "sw_functions": [
            "forward_relu"
          ]
        },
        {
          "attributes": {
            "dl_axis": "-1",
            "ir_axis": "CH",
            "use_bias": "True"
          },
          "description": "ScaleBias",
          "id": 53,
          "inputs": [
            281,
            363,
            366
          ],
          "macc": 16384,
          "mapping": "NODE_SW",
          "name": "batch_normalization_16",
          "original_nodes": [
            "19"
          ],
          "outputs": [
            283
          ],
          "scratchs": [],
          "subgraph_nodes": [],
          "sw_functions": [
            "forward_bn"
          ]
        },
        {
          "attributes": {
            "ceil_mode": "floor",
            "pool_function": "max",
            "pool_pad": "{H: (0, 0), W: (0, 0)}",
            "pool_size": "(2, 2)",
            "pool_stride": "(2, 2)"
          },
          "description": "Pool",
          "id": 54,
          "inputs": [
            283
          ],
          "macc": 8192,
          "mapping": "NODE_SW",
          "name": "max_pooling2d_10",
          "original_nodes": [
            "20"
          ],
          "outputs": [
            285
          ],
          "scratchs": [],
          "subgraph_nodes": [],
          "sw_functions": [
            "forward_mp"
          ]
        },
        {
          "attributes": {
            "dilation": "{H: 1, W: 1}",
            "filter_size": "(3, 3)",
            "groups": "1",
            "is_depthwise": "False",
            "is_grouped_conv": "False",
            "num_filters": "128",
            "pad": "{H: (1, 1), W: (1, 1)}",
            "pad_strategy": "same",
            "pad_value": "0",
            "stride": "(1, 1)",
            "use_bias": "True",
            "weights_prefetch": "True"
          },
          "description": "Conv2D",
          "id": 55,
          "inputs": [
            285,
            369,
            372
          ],
          "macc": 2359424,
          "mapping": "NODE_SW",
          "name": "conv2d_17",
          "original_nodes": [
            "21"
          ],
          "outputs": [
            287
          ],
          "scratchs": [
            438
          ],
          "subgraph_nodes": [],
          "sw_functions": [
            "forward_conv2d_if32of32wf32"
          ]
        },
        {
          "attributes": {
            "nonlinearity": "relu"
          },
          "description": "Nonlinearity",
          "id": 56,
          "inputs": [
            287
          ],
          "macc": 2048,
          "mapping": "NODE_SW",
          "name": "activation_17",
          "original_nodes": [
            "22"
          ],
          "outputs": [
            289
          ],
          "scratchs": [],
          "subgraph_nodes": [],
          "sw_functions": [
            "forward_relu"
          ]
        },
        {
          "attributes": {
            "dl_axis": "-1",
            "ir_axis": "CH",
            "use_bias": "True"
          },
          "description": "ScaleBias",
          "id": 57,
          "inputs": [
            289,
            375,
            378
          ],
          "macc": 4096,
          "mapping": "NODE_SW",
          "name": "batch_normalization_17",
          "original_nodes": [
            "24"
          ],
          "outputs": [
            291
          ],
          "scratchs": [],
          "subgraph_nodes": [],
          "sw_functions": [
            "forward_bn"
          ]
        },
        {
          "attributes": {
            "ceil_mode": "floor",
            "pool_function": "max",
            "pool_pad": "{H: (0, 0), W: (0, 0)}",
            "pool_size": "(2, 2)",
            "pool_stride": "(2, 2)"
          },
          "description": "Pool",
          "id": 58,
          "inputs": [
            291
          ],
          "macc": 2048,
          "mapping": "NODE_SW",
          "name": "max_pooling2d_11",
          "original_nodes": [
            "25"
          ],
          "outputs": [
            293
          ],
          "scratchs": [],
          "subgraph_nodes": [],
          "sw_functions": [
            "forward_mp"
          ]
        },
        {
          "attributes": {
            "pool_function": "avg",
            "pool_pad": "{H: (0, 0), W: (0, 0)}",
            "pool_size": "(2, 2)",
            "pool_stride": "(2, 2)"
          },
          "description": "Pool",
          "id": 59,
          "inputs": [
            293
          ],
          "macc": 512,
          "mapping": "NODE_SW",
          "name": "global_average_pooling2d_2_pool",
          "original_nodes": [
            "26"
          ],
          "outputs": [
            295
          ],
          "scratchs": [],
          "subgraph_nodes": [],
          "sw_functions": [
            "forward_ap"
          ]
        },
        {
          "attributes": {
            "num_units": "1024",
            "use_bias": "True"
          },
          "description": "Dense",
          "id": 60,
          "inputs": [
            295,
            381,
            384
          ],
          "macc": 132096,
          "mapping": "NODE_SW",
          "name": "dense_6_dense",
          "original_nodes": [
            "27"
          ],
          "outputs": [
            297
          ],
          "scratchs": [],
          "subgraph_nodes": [],
          "sw_functions": [
            "forward_dense"
          ]
        },
        {
          "attributes": {
            "nonlinearity": "relu"
          },
          "description": "Nonlinearity",
          "id": 61,
          "inputs": [
            297
          ],
          "macc": 1024,
          "mapping": "NODE_SW",
          "name": "dense_6",
          "original_nodes": [
            "27"
          ],
          "outputs": [
            299
          ],
          "scratchs": [],
          "subgraph_nodes": [],
          "sw_functions": [
            "forward_relu"
          ]
        },
        {
          "attributes": {
            "num_units": "512",
            "use_bias": "True"
          },
          "description": "Dense",
          "id": 62,
          "inputs": [
            299,
            387,
            390
          ],
          "macc": 524800,
          "mapping": "NODE_SW",
          "name": "dense_7_dense",
          "original_nodes": [
            "29"
          ],
          "outputs": [
            301
          ],
          "scratchs": [],
          "subgraph_nodes": [],
          "sw_functions": [
            "forward_dense"
          ]
        },
        {
          "attributes": {
            "nonlinearity": "relu"
          },
          "description": "Nonlinearity",
          "id": 63,
          "inputs": [
            301
          ],
          "macc": 512,
          "mapping": "NODE_SW",
          "name": "dense_7",
          "original_nodes": [
            "29"
          ],
          "outputs": [
            303
          ],
          "scratchs": [],
          "subgraph_nodes": [],
          "sw_functions": [
            "forward_relu"
          ]
        },
        {
          "attributes": {
            "num_units": "10",
            "use_bias": "True"
          },
          "description": "Dense",
          "id": 64,
          "inputs": [
            303,
            393,
            396
          ],
          "macc": 5130,
          "mapping": "NODE_SW",
          "name": "dense_8_dense",
          "original_nodes": [
            "31"
          ],
          "outputs": [
            305
          ],
          "scratchs": [],
          "subgraph_nodes": [],
          "sw_functions": [
            "forward_dense"
          ]
        },
        {
          "attributes": {
            "axis": "CH",
            "nonlinearity": "softmax",
            "orig_axis": "-1"
          },
          "description": "Nonlinearity",
          "id": 65,
          "inputs": [
            305
          ],
          "macc": 150,
          "mapping": "NODE_SW",
          "name": "dense_8",
          "original_nodes": [
            "31"
          ],
          "outputs": [
            307
          ],
          "scratchs": [],
          "subgraph_nodes": [],
          "sw_functions": [
            "forward_sm"
          ]
        }
      ],
      "original_inputs": [
        {
          "c_shape_map": [],
          "data_format": {
            "quantizer": "NONE",
            "scale": [],
            "size": 32,
            "type": "FLOAT",
            "zero": []
          },
          "name": "input_0",
          "shape": [
            null,
            32,
            32,
            3
          ],
          "shape_map": [
            "BATCH",
            "H",
            "W",
            "CH"
          ]
        }
      ],
      "original_outputs": [
        {
          "c_shape_map": [],
          "data_format": {
            "quantizer": "NONE",
            "scale": [],
            "size": 32,
            "type": "FLOAT",
            "zero": []
          },
          "name": "dense_8",
          "shape": [
            1,
            10
          ],
          "shape_map": [
            "BATCH",
            "CH"
          ]
        }
      ],
      "outputs": [
        307
      ]
    }
  ],
  "json_schema_version": "2.0",
  "memory_footprint": {
    "activations": 143468,
    "io": [
      0,
      0
    ],
    "kernel_flash": 21158,
    "kernel_ram": 8808,
    "series": "stm32l4",
    "toolchain": "arm-none-eabi-gcc (GNU Tools for STM32 13.3.rel1.20240926-1715) 13.3.1 20240614",
    "toolchain_flash": 638,
    "toolchain_ram": 0,
    "weights": 3799720
  },
  "memory_pools": [
    {
      "address": "NULL",
      "alignment": 4,
      "attributes": {
        "latency": "HIGH",
        "score": 768,
        "throughput": "LOW"
      },
      "buffers": [
        249,
        251,
        253,
        255,
        257,
        259,
        261,
        263,
        265,
        267,
        269,
        271,
        273,
        275,
        277,
        279,
        281,
        283,
        285,
        287,
        289,
        291,
        293,
        295,
        297,
        299,
        301,
        303,
        305,
        307,
        403,
        410,
        417,
        424,
        431,
        438
      ],
      "id": 0,
      "name": "heap_overlay_pool",
      "offset_start": 0,
      "persistent": false,
      "rights": "ACC_WRITE",
      "size_bytes": -1,
      "subpools": [],
      "used_size_bytes": 143468,
      "user_allocated": false,
      "virtual": false
    },
    {
      "address": "s_cifar10_weights_array_u64",
      "alignment": 0,
      "attributes": {
        "latency": "UNDEF",
        "score": 0,
        "throughput": "UNDEF"
      },
      "buffers": [
        309,
        312,
        315,
        318,
        321,
        324,
        327,
        330,
        333,
        336,
        339,
        342,
        345,
        348,
        351,
        354,
        357,
        360,
        363,
        366,
        369,
        372,
        375,
        378,
        381,
        384,
        387,
        390,
        393,
        396
      ],
      "id": 1,
      "name": "weights_array",
      "offset_start": 0,
      "persistent": true,
      "rights": "ACC_READ",
      "size_bytes": -1,
      "subpools": [],
      "used_size_bytes": 3799720,
      "user_allocated": false,
      "virtual": false
    }
  ]
}