{
  "buffers": [
    {
      "alignment": 4,
      "batch": 0,
      "channel_first": false,
      "channel_last": true,
      "epochs": {
        "end": 46,
        "start": 43
      },
      "flags": "STAI_FLAG_PREALLOCATED|STAI_FLAG_ACTIVATIONS",
      "format": "STAI_FORMAT_FLOAT",
      "id": 268,
      "intq": {},
      "is_param": false,
      "mpool_id": 0,
      "name": "activation_10_output_array",
      "nbits": 32,
      "offset_start": 0,
      "qmn": {},
      "shape": [
        8,
        8,
        64
      ],
      "shape_map": [
        "H",
        "W",
        "CH"
      ],
      "size_bytes": 16384
    },
    {
      "alignment": 4,
      "batch": 0,
      "channel_first": false,
      "channel_last": true,
      "epochs": {
        "end": 56,
        "start": 53
      },
      "flags": "STAI_FLAG_PREALLOCATED|STAI_FLAG_ACTIVATIONS",
      "format": "STAI_FORMAT_FLOAT",
      "id": 276,
      "intq": {},
      "is_param": false,
      "mpool_id": 0,
      "name": "activation_11_output_array",
      "nbits": 32,
      "offset_start": 14592,
      "qmn": {},
      "shape": [
        4,
        4,
        128
      ],
      "shape_map": [
        "H",
        "W",
        "CH"
      ],
      "size_bytes": 8192
    },
    {
      "alignment": 4,
      "batch": 0,
      "channel_first": false,
      "channel_last": true,
      "epochs": {
        "end": 10,
        "start": 7
      },
      "flags": "STAI_FLAG_PREALLOCATED|STAI_FLAG_ACTIVATIONS",
      "format": "STAI_FORMAT_FLOAT",
      "id": 240,
      "intq": {},
      "is_param": false,
      "mpool_id": 0,
      "name": "activation_6_output_array",
      "nbits": 32,
      "offset_start": 10624,
      "qmn": {},
      "shape": [
        32,
        32,
        16
      ],
      "shape_map": [
        "H",
        "W",
        "CH"
      ],
      "size_bytes": 65536
    },
    {
      "alignment": 4,
      "batch": 0,
      "channel_first": false,
      "channel_last": true,
      "epochs": {
        "end": 18,
        "start": 15
      },
      "flags": "STAI_FLAG_PREALLOCATED|STAI_FLAG_ACTIVATIONS",
      "format": "STAI_FORMAT_FLOAT",
      "id": 246,
      "intq": {},
      "is_param": false,
      "mpool_id": 0,
      "name": "activation_7_output_array",
      "nbits": 32,
      "offset_start": 0,
      "qmn": {},
      "shape": [
        32,
        32,
        32
      ],
      "shape_map": [
        "H",
        "W",
        "CH"
      ],
      "size_bytes": 131072
    },
    {
      "alignment": 4,
      "batch": 0,
      "channel_first": false,
      "channel_last": true,
      "epochs": {
        "end": 28,
        "start": 25
      },
      "flags": "STAI_FLAG_PREALLOCATED|STAI_FLAG_ACTIVATIONS",
      "format": "STAI_FORMAT_FLOAT",
      "id": 254,
      "intq": {},
      "is_param": false,
      "mpool_id": 0,
      "name": "activation_8_output_array",
      "nbits": 32,
      "offset_start": 0,
      "qmn": {},
      "shape": [
        16,
        16,
        32
      ],
      "shape_map": [
        "H",
        "W",
        "CH"
      ],
      "size_bytes": 32768
    },
    {
      "alignment": 4,
      "batch": 0,
      "channel_first": false,
      "channel_last": true,
      "epochs": {
        "end": 36,
        "start": 33
      },
      "flags": "STAI_FLAG_PREALLOCATED|STAI_FLAG_ACTIVATIONS",
      "format": "STAI_FORMAT_FLOAT",
      "id": 260,
      "intq": {},
      "is_param": false,
      "mpool_id": 0,
      "name": "activation_9_output_array",
      "nbits": 32,
      "offset_start": 0,
      "qmn": {},
      "shape": [
        16,
        16,
        64
      ],
      "shape_map": [
        "H",
        "W",
        "CH"
      ],
      "size_bytes": 65536
    },
    {
      "alignment": 4,
      "batch": 0,
      "channel_first": true,
      "channel_last": true,
      "epochs": {
        "end": 1,
        "start": 0
      },
      "flags": "STAI_FLAG_WEIGHTS|STAI_FLAG_CONST|STAI_FLAG_PREALLOCATED",
      "format": "STAI_FORMAT_FLOAT",
      "id": 349,
      "intq": {},
      "is_param": true,
      "mpool_id": 1,
      "name": "batch_normalization_10_bias_array",
      "nbits": 32,
      "offset_start": 280448,
      "qmn": {},
      "shape": [
        64
      ],
      "shape_map": [
        "CH"
      ],
      "size_bytes": 256
    },
    {
      "alignment": 4,
      "batch": 0,
      "channel_first": false,
      "channel_last": true,
      "epochs": {
        "end": 48,
        "start": 45
      },
      "flags": "STAI_FLAG_PREALLOCATED|STAI_FLAG_ACTIVATIONS",
      "format": "STAI_FORMAT_FLOAT",
      "id": 270,
      "intq": {},
      "is_param": false,
      "mpool_id": 0,
      "name": "batch_normalization_10_output_array",
      "nbits": 32,
      "offset_start": 16384,
      "qmn": {},
      "shape": [
        8,
        8,
        64
      ],
      "shape_map": [
        "H",
        "W",
        "CH"
      ],
      "size_bytes": 16384
    },
    {
      "alignment": 4,
      "batch": 0,
      "channel_first": true,
      "channel_last": true,
      "epochs": {
        "end": 1,
        "start": 0
      },
      "flags": "STAI_FLAG_WEIGHTS|STAI_FLAG_CONST|STAI_FLAG_PREALLOCATED",
      "format": "STAI_FORMAT_FLOAT",
      "id": 346,
      "intq": {},
      "is_param": true,
      "mpool_id": 1,
      "name": "batch_normalization_10_scale_array",
      "nbits": 32,
      "offset_start": 280192,
      "qmn": {},
      "shape": [
        64
      ],
      "shape_map": [
        "CH"
      ],
      "size_bytes": 256
    },
    {
      "alignment": 4,
      "batch": 0,
      "channel_first": true,
      "channel_last": true,
      "epochs": {
        "end": 1,
        "start": 0
      },
      "flags": "STAI_FLAG_WEIGHTS|STAI_FLAG_CONST|STAI_FLAG_PREALLOCATED",
      "format": "STAI_FORMAT_FLOAT",
      "id": 361,
      "intq": {},
      "is_param": true,
      "mpool_id": 1,
      "name": "batch_normalization_11_bias_array",
      "nbits": 32,
      "offset_start": 576640,
      "qmn": {},
      "shape": [
        128
      ],
      "shape_map": [
        "CH"
      ],
      "size_bytes": 512
    },
    {
      "alignment": 4,
      "batch": 0,
      "channel_first": false,
      "channel_last": true,
      "epochs": {
        "end": 58,
        "start": 55
      },
      "flags": "STAI_FLAG_PREALLOCATED|STAI_FLAG_ACTIVATIONS",
      "format": "STAI_FORMAT_FLOAT",
      "id": 278,
      "intq": {},
      "is_param": false,
      "mpool_id": 0,
      "name": "batch_normalization_11_output_array",
      "nbits": 32,
      "offset_start": 0,
      "qmn": {},
      "shape": [
        4,
        4,
        128
      ],
      "shape_map": [
        "H",
        "W",
        "CH"
      ],
      "size_bytes": 8192
    },
    {
      "alignment": 4,
      "batch": 0,
      "channel_first": true,
      "channel_last": true,
      "epochs": {
        "end": 1,
        "start": 0
      },
      "flags": "STAI_FLAG_WEIGHTS|STAI_FLAG_CONST|STAI_FLAG_PREALLOCATED",
      "format": "STAI_FORMAT_FLOAT",
      "id": 358,
      "intq": {},
      "is_param": true,
      "mpool_id": 1,
      "name": "batch_normalization_11_scale_array",
      "nbits": 32,
      "offset_start": 576128,
      "qmn": {},
      "shape": [
        128
      ],
      "shape_map": [
        "CH"
      ],
      "size_bytes": 512
    },
    {
      "alignment": 4,
      "batch": 0,
      "channel_first": true,
      "channel_last": true,
      "epochs": {
        "end": 1,
        "start": 0
      },
      "flags": "STAI_FLAG_WEIGHTS|STAI_FLAG_CONST|STAI_FLAG_PREALLOCATED",
      "format": "STAI_FORMAT_FLOAT",
      "id": 301,
      "intq": {},
      "is_param": true,
      "mpool_id": 1,
      "name": "batch_normalization_6_bias_array",
      "nbits": 32,
      "offset_start": 1856,
      "qmn": {},
      "shape": [
        16
      ],
      "shape_map": [
        "CH"
      ],
      "size_bytes": 64
    },
    {
      "alignment": 4,
      "batch": 0,
      "channel_first": false,
      "channel_last": true,
      "epochs": {
        "end": 13,
        "start": 9
      },
      "flags": "STAI_FLAG_PREALLOCATED|STAI_FLAG_ACTIVATIONS",
      "format": "STAI_FORMAT_FLOAT",
      "id": 242,
      "intq": {},
      "is_param": false,
      "mpool_id": 0,
      "name": "batch_normalization_6_output_array",
      "nbits": 32,
      "offset_start": 76160,
      "qmn": {},
      "shape": [
        32,
        32,
        16
      ],
      "shape_map": [
        "H",
        "W",
        "CH"
      ],
      "size_bytes": 65536
    },
    {
      "alignment": 4,
      "batch": 0,
      "channel_first": true,
      "channel_last": true,
      "epochs": {
        "end": 1,
        "start": 0
      },
      "flags": "STAI_FLAG_WEIGHTS|STAI_FLAG_CONST|STAI_FLAG_PREALLOCATED",
      "format": "STAI_FORMAT_FLOAT",
      "id": 298,
      "intq": {},
      "is_param": true,
      "mpool_id": 1,
      "name": "batch_normalization_6_scale_array",
      "nbits": 32,
      "offset_start": 1792,
      "qmn": {},
      "shape": [
        16
      ],
      "shape_map": [
        "CH"
      ],
      "size_bytes": 64
    },
    {
      "alignment": 4,
      "batch": 0,
      "channel_first": true,
      "channel_last": true,
      "epochs": {
        "end": 1,
        "start": 0
      },
      "flags": "STAI_FLAG_WEIGHTS|STAI_FLAG_CONST|STAI_FLAG_PREALLOCATED",
      "format": "STAI_FORMAT_FLOAT",
      "id": 313,
      "intq": {},
      "is_param": true,
      "mpool_id": 1,
      "name": "batch_normalization_7_bias_array",
      "nbits": 32,
      "offset_start": 20608,
      "qmn": {},
      "shape": [
        32
      ],
      "shape_map": [
        "CH"
      ],
      "size_bytes": 128
    },
    {
      "alignment": 4,
      "batch": 0,
      "channel_first": false,
      "channel_last": true,
      "epochs": {
        "end": 20,
        "start": 17
      },
      "flags": "STAI_FLAG_PREALLOCATED|STAI_FLAG_ACTIVATIONS",
      "format": "STAI_FORMAT_FLOAT",
      "id": 248,
      "intq": {},
      "is_param": false,
      "mpool_id": 0,
      "name": "batch_normalization_7_output_array",
      "nbits": 32,
      "offset_start": 0,
      "qmn": {},
      "shape": [
        32,
        32,
        32
      ],
      "shape_map": [
        "H",
        "W",
        "CH"
      ],
      "size_bytes": 131072
    },
    {
      "alignment": 4,
      "batch": 0,
      "channel_first": true,
      "channel_last": true,
      "epochs": {
        "end": 1,
        "start": 0
      },
      "flags": "STAI_FLAG_WEIGHTS|STAI_FLAG_CONST|STAI_FLAG_PREALLOCATED",
      "format": "STAI_FORMAT_FLOAT",
      "id": 310,
      "intq": {},
      "is_param": true,
      "mpool_id": 1,
      "name": "batch_normalization_7_scale_array",
      "nbits": 32,
      "offset_start": 20480,
      "qmn": {},
      "shape": [
        32
      ],
      "shape_map": [
        "CH"
      ],
      "size_bytes": 128
    },
    {
      "alignment": 4,
      "batch": 0,
      "channel_first": true,
      "channel_last": true,
      "epochs": {
        "end": 1,
        "start": 0
      },
      "flags": "STAI_FLAG_WEIGHTS|STAI_FLAG_CONST|STAI_FLAG_PREALLOCATED",
      "format": "STAI_FORMAT_FLOAT",
      "id": 325,
      "intq": {},
      "is_param": true,
      "mpool_id": 1,
      "name": "batch_normalization_8_bias_array",
      "nbits": 32,
      "offset_start": 57856,
      "qmn": {},
      "shape": [
        32
      ],
      "shape_map": [
        "CH"
      ],
      "size_bytes": 128
    },
    {
      "alignment": 4,
      "batch": 0,
      "channel_first": false,
      "channel_last": true,
      "epochs": {
        "end": 31,
        "start": 27
      },
      "flags": "STAI_FLAG_PREALLOCATED|STAI_FLAG_ACTIVATIONS",
      "format": "STAI_FORMAT_FLOAT",
      "id": 256,
      "intq": {},
      "is_param": false,
      "mpool_id": 0,
      "name": "batch_normalization_8_output_array",
      "nbits": 32,
      "offset_start": 32768,
      "qmn": {},
      "shape": [
        16,
        16,
        32
      ],
      "shape_map": [
        "H",
        "W",
        "CH"
      ],
      "size_bytes": 32768
    },
    {
      "alignment": 4,
      "batch": 0,
      "channel_first": true,
      "channel_last": true,
      "epochs": {
        "end": 1,
        "start": 0
      },
      "flags": "STAI_FLAG_WEIGHTS|STAI_FLAG_CONST|STAI_FLAG_PREALLOCATED",
      "format": "STAI_FORMAT_FLOAT",
      "id": 322,
      "intq": {},
      "is_param": true,
      "mpool_id": 1,
      "name": "batch_normalization_8_scale_array",
      "nbits": 32,
      "offset_start": 57728,
      "qmn": {},
      "shape": [
        32
      ],
      "shape_map": [
        "CH"
      ],
      "size_bytes": 128
    },
    {
      "alignment": 4,
      "batch": 0,
      "channel_first": true,
      "channel_last": true,
      "epochs": {
        "end": 1,
        "start": 0
      },
      "flags": "STAI_FLAG_WEIGHTS|STAI_FLAG_CONST|STAI_FLAG_PREALLOCATED",
      "format": "STAI_FORMAT_FLOAT",
      "id": 337,
      "intq": {},
      "is_param": true,
      "mpool_id": 1,
      "name": "batch_normalization_9_bias_array",
      "nbits": 32,
      "offset_start": 132224,
      "qmn": {},
      "shape": [
        64
      ],
      "shape_map": [
        "CH"
      ],
      "size_bytes": 256
    },
    {
      "alignment": 4,
      "batch": 0,
      "channel_first": false,
      "channel_last": true,
      "epochs": {
        "end": 38,
        "start": 35
      },
      "flags": "STAI_FLAG_PREALLOCATED|STAI_FLAG_ACTIVATIONS",
      "format": "STAI_FORMAT_FLOAT",
      "id": 262,
      "intq": {},
      "is_param": false,
      "mpool_id": 0,
      "name": "batch_normalization_9_output_array",
      "nbits": 32,
      "offset_start": 65536,
      "qmn": {},
      "shape": [
        16,
        16,
        64
      ],
      "shape_map": [
        "H",
        "W",
        "CH"
      ],
      "size_bytes": 65536
    },
    {
      "alignment": 4,
      "batch": 0,
      "channel_first": true,
      "channel_last": true,
      "epochs": {
        "end": 1,
        "start": 0
      },
      "flags": "STAI_FLAG_WEIGHTS|STAI_FLAG_CONST|STAI_FLAG_PREALLOCATED",
      "format": "STAI_FORMAT_FLOAT",
      "id": 334,
      "intq": {},
      "is_param": true,
      "mpool_id": 1,
      "name": "batch_normalization_9_scale_array",
      "nbits": 32,
      "offset_start": 131968,
      "qmn": {},
      "shape": [
        64
      ],
      "shape_map": [
        "CH"
      ],
      "size_bytes": 256
    },
    {
      "alignment": 4,
      "batch": 0,
      "channel_first": true,
      "channel_last": true,
      "epochs": {
        "end": 1,
        "start": 0
      },
      "flags": "STAI_FLAG_WEIGHTS|STAI_FLAG_CONST|STAI_FLAG_PREALLOCATED",
      "format": "STAI_FORMAT_FLOAT",
      "id": 343,
      "intq": {},
      "is_param": true,
      "mpool_id": 1,
      "name": "conv2d_10_bias_array",
      "nbits": 32,
      "offset_start": 279936,
      "qmn": {},
      "shape": [
        64
      ],
      "shape_map": [
        "CH"
      ],
      "size_bytes": 256
    },
    {
      "alignment": 4,
      "batch": 0,
      "channel_first": false,
      "channel_last": true,
      "epochs": {
        "end": 44,
        "start": 40
      },
      "flags": "STAI_FLAG_PREALLOCATED|STAI_FLAG_ACTIVATIONS",
      "format": "STAI_FORMAT_FLOAT",
      "id": 266,
      "intq": {},
      "is_param": false,
      "mpool_id": 0,
      "name": "conv2d_10_output_array",
      "nbits": 32,
      "offset_start": 18688,
      "qmn": {},
      "shape": [
        8,
        8,
        64
      ],
      "shape_map": [
        "H",
        "W",
        "CH"
      ],
      "size_bytes": 16384
    },
    {
      "alignment": 4,
      "batch": 0,
      "channel_first": false,
      "channel_last": true,
      "epochs": {
        "end": 42,
        "start": 39
      },
      "flags": "STAI_FLAG_PREALLOCATED|STAI_FLAG_ACTIVATIONS|STAI_FLAG_SCRATCHS",
      "format": "STAI_FORMAT_FLOAT",
      "id": 408,
      "intq": {},
      "is_param": false,
      "mpool_id": 0,
      "name": "conv2d_10_scratch0_array",
      "nbits": 32,
      "offset_start": 16384,
      "qmn": {},
      "shape": [
        3,
        3,
        64,
        1
      ],
      "shape_map": [
        "H",
        "W",
        "CH",
        "CH_IN"
      ],
      "size_bytes": 2304
    },
    {
      "alignment": 4,
      "batch": 0,
      "channel_first": true,
      "channel_last": false,
      "epochs": {
        "end": 1,
        "start": 0
      },
      "flags": "STAI_FLAG_WEIGHTS|STAI_FLAG_CONST|STAI_FLAG_PREALLOCATED",
      "format": "STAI_FORMAT_FLOAT",
      "id": 340,
      "intq": {},
      "is_param": true,
      "mpool_id": 1,
      "name": "conv2d_10_weights_array",
      "nbits": 32,
      "offset_start": 132480,
      "qmn": {},
      "shape": [
        64,
        3,
        3,
        64
      ],
      "shape_map": [
        "CH",
        "H",
        "W",
        "CH_IN"
      ],
      "size_bytes": 147456
    },
    {
      "alignment": 4,
      "batch": 0,
      "channel_first": true,
      "channel_last": true,
      "epochs": {
        "end": 1,
        "start": 0
      },
      "flags": "STAI_FLAG_WEIGHTS|STAI_FLAG_CONST|STAI_FLAG_PREALLOCATED",
      "format": "STAI_FORMAT_FLOAT",
      "id": 355,
      "intq": {},
      "is_param": true,
      "mpool_id": 1,
      "name": "conv2d_11_bias_array",
      "nbits": 32,
      "offset_start": 575616,
      "qmn": {},
      "shape": [
        128
      ],
      "shape_map": [
        "CH"
      ],
      "size_bytes": 512
    },
    {
      "alignment": 4,
      "batch": 0,
      "channel_first": false,
      "channel_last": true,
      "epochs": {
        "end": 54,
        "start": 50
      },
      "flags": "STAI_FLAG_PREALLOCATED|STAI_FLAG_ACTIVATIONS",
      "format": "STAI_FORMAT_FLOAT",
      "id": 274,
      "intq": {},
      "is_param": false,
      "mpool_id": 0,
      "name": "conv2d_11_output_array",
      "nbits": 32,
      "offset_start": 6400,
      "qmn": {},
      "shape": [
        4,
        4,
        128
      ],
      "shape_map": [
        "H",
        "W",
        "CH"
      ],
      "size_bytes": 8192
    },
    {
      "alignment": 4,
      "batch": 0,
      "channel_first": false,
      "channel_last": true,
      "epochs": {
        "end": 52,
        "start": 49
      },
      "flags": "STAI_FLAG_PREALLOCATED|STAI_FLAG_ACTIVATIONS|STAI_FLAG_SCRATCHS",
      "format": "STAI_FORMAT_FLOAT",
      "id": 415,
      "intq": {},
      "is_param": false,
      "mpool_id": 0,
      "name": "conv2d_11_scratch0_array",
      "nbits": 32,
      "offset_start": 4096,
      "qmn": {},
      "shape": [
        3,
        3,
        64,
        1
      ],
      "shape_map": [
        "H",
        "W",
        "CH",
        "CH_IN"
      ],
      "size_bytes": 2304
    },
    {
      "alignment": 4,
      "batch": 0,
      "channel_first": true,
      "channel_last": false,
      "epochs": {
        "end": 1,
        "start": 0
      },
      "flags": "STAI_FLAG_WEIGHTS|STAI_FLAG_CONST|STAI_FLAG_PREALLOCATED",
      "format": "STAI_FORMAT_FLOAT",
      "id": 352,
      "intq": {},
      "is_param": true,
      "mpool_id": 1,
      "name": "conv2d_11_weights_array",
      "nbits": 32,
      "offset_start": 280704,
      "qmn": {},
      "shape": [
        128,
        3,
        3,
        64
      ],
      "shape_map": [
        "CH",
        "H",
        "W",
        "CH_IN"
      ],
      "size_bytes": 294912
    },
    {
      "alignment": 4,
      "batch": 0,
      "channel_first": true,
      "channel_last": true,
      "epochs": {
        "end": 1,
        "start": 0
      },
      "flags": "STAI_FLAG_WEIGHTS|STAI_FLAG_CONST|STAI_FLAG_PREALLOCATED",
      "format": "STAI_FORMAT_FLOAT",
      "id": 295,
      "intq": {},
      "is_param": true,
      "mpool_id": 1,
      "name": "conv2d_6_bias_array",
      "nbits": 32,
      "offset_start": 1728,
      "qmn": {},
      "shape": [
        16
      ],
      "shape_map": [
        "CH"
      ],
      "size_bytes": 64
    },
    {
      "alignment": 4,
      "batch": 0,
      "channel_first": false,
      "channel_last": true,
      "epochs": {
        "end": 8,
        "start": 4
      },
      "flags": "STAI_FLAG_PREALLOCATED|STAI_FLAG_ACTIVATIONS",
      "format": "STAI_FORMAT_FLOAT",
      "id": 238,
      "intq": {},
      "is_param": false,
      "mpool_id": 0,
      "name": "conv2d_6_output_array",
      "nbits": 32,
      "offset_start": 10624,
      "qmn": {},
      "shape": [
        32,
        32,
        16
      ],
      "shape_map": [
        "H",
        "W",
        "CH"
      ],
      "size_bytes": 65536
    },
    {
      "alignment": 4,
      "batch": 0,
      "channel_first": false,
      "channel_last": true,
      "epochs": {
        "end": 6,
        "start": 3
      },
      "flags": "STAI_FLAG_PREALLOCATED|STAI_FLAG_ACTIVATIONS|STAI_FLAG_SCRATCHS",
      "format": "STAI_FORMAT_FLOAT",
      "id": 380,
      "intq": {},
      "is_param": false,
      "mpool_id": 0,
      "name": "conv2d_6_scratch0_array",
      "nbits": 32,
      "offset_start": 88448,
      "qmn": {},
      "shape": [
        3,
        3,
        3,
        1
      ],
      "shape_map": [
        "H",
        "W",
        "CH",
        "CH_IN"
      ],
      "size_bytes": 108
    },
    {
      "alignment": 4,
      "batch": 0,
      "channel_first": true,
      "channel_last": false,
      "epochs": {
        "end": 1,
        "start": 0
      },
      "flags": "STAI_FLAG_WEIGHTS|STAI_FLAG_CONST|STAI_FLAG_PREALLOCATED",
      "format": "STAI_FORMAT_FLOAT",
      "id": 292,
      "intq": {},
      "is_param": true,
      "mpool_id": 1,
      "name": "conv2d_6_weights_array",
      "nbits": 32,
      "offset_start": 0,
      "qmn": {},
      "shape": [
        16,
        3,
        3,
        3
      ],
      "shape_map": [
        "CH",
        "H",
        "W",
        "CH_IN"
      ],
      "size_bytes": 1728
    },
    {
      "alignment": 4,
      "batch": 0,
      "channel_first": true,
      "channel_last": true,
      "epochs": {
        "end": 1,
        "start": 0
      },
      "flags": "STAI_FLAG_WEIGHTS|STAI_FLAG_CONST|STAI_FLAG_PREALLOCATED",
      "format": "STAI_FORMAT_FLOAT",
      "id": 307,
      "intq": {},
      "is_param": true,
      "mpool_id": 1,
      "name": "conv2d_7_bias_array",
      "nbits": 32,
      "offset_start": 20352,
      "qmn": {},
      "shape": [
        32
      ],
      "shape_map": [
        "CH"
      ],
      "size_bytes": 128
    },
    {
      "alignment": 4,
      "batch": 0,
      "channel_first": false,
      "channel_last": true,
      "epochs": {
        "end": 16,
        "start": 12
      },
      "flags": "STAI_FLAG_PREALLOCATED|STAI_FLAG_ACTIVATIONS",
      "format": "STAI_FORMAT_FLOAT",
      "id": 244,
      "intq": {},
      "is_param": false,
      "mpool_id": 0,
      "name": "conv2d_7_output_array",
      "nbits": 32,
      "offset_start": 0,
      "qmn": {},
      "shape": [
        32,
        32,
        32
      ],
      "shape_map": [
        "H",
        "W",
        "CH"
      ],
      "size_bytes": 131072
    },
    {
      "alignment": 4,
      "batch": 0,
      "channel_first": false,
      "channel_last": true,
      "epochs": {
        "end": 14,
        "start": 11
      },
      "flags": "STAI_FLAG_PREALLOCATED|STAI_FLAG_ACTIVATIONS|STAI_FLAG_SCRATCHS",
      "format": "STAI_FORMAT_FLOAT",
      "id": 387,
      "intq": {},
      "is_param": false,
      "mpool_id": 0,
      "name": "conv2d_7_scratch0_array",
      "nbits": 32,
      "offset_start": 141696,
      "qmn": {},
      "shape": [
        3,
        3,
        16,
        1
      ],
      "shape_map": [
        "H",
        "W",
        "CH",
        "CH_IN"
      ],
      "size_bytes": 576
    },
    {
      "alignment": 4,
      "batch": 0,
      "channel_first": true,
      "channel_last": false,
      "epochs": {
        "end": 1,
        "start": 0
      },
      "flags": "STAI_FLAG_WEIGHTS|STAI_FLAG_CONST|STAI_FLAG_PREALLOCATED",
      "format": "STAI_FORMAT_FLOAT",
      "id": 304,
      "intq": {},
      "is_param": true,
      "mpool_id": 1,
      "name": "conv2d_7_weights_array",
      "nbits": 32,
      "offset_start": 1920,
      "qmn": {},
      "shape": [
        32,
        3,
        3,
        16
      ],
      "shape_map": [
        "CH",
        "H",
        "W",
        "CH_IN"
      ],
      "size_bytes": 18432
    },
    {
      "alignment": 4,
      "batch": 0,
      "channel_first": true,
      "channel_last": true,
      "epochs": {
        "end": 1,
        "start": 0
      },
      "flags": "STAI_FLAG_WEIGHTS|STAI_FLAG_CONST|STAI_FLAG_PREALLOCATED",
      "format": "STAI_FORMAT_FLOAT",
      "id": 319,
      "intq": {},
      "is_param": true,
      "mpool_id": 1,
      "name": "conv2d_8_bias_array",
      "nbits": 32,
      "offset_start": 57600,
      "qmn": {},
      "shape": [
        32
      ],
      "shape_map": [
        "CH"
      ],
      "size_bytes": 128
    },
    {
      "alignment": 4,
      "batch": 0,
      "channel_first": false,
      "channel_last": true,
      "epochs": {
        "end": 26,
        "start": 22
      },
      "flags": "STAI_FLAG_PREALLOCATED|STAI_FLAG_ACTIVATIONS",
      "format": "STAI_FORMAT_FLOAT",
      "id": 252,
      "intq": {},
      "is_param": false,
      "mpool_id": 0,
      "name": "conv2d_8_output_array",
      "nbits": 32,
      "offset_start": 33920,
      "qmn": {},
      "shape": [
        16,
        16,
        32
      ],
      "shape_map": [
        "H",
        "W",
        "CH"
      ],
      "size_bytes": 32768
    },
    {
      "alignment": 4,
      "batch": 0,
      "channel_first": false,
      "channel_last": true,
      "epochs": {
        "end": 24,
        "start": 21
      },
      "flags": "STAI_FLAG_PREALLOCATED|STAI_FLAG_ACTIVATIONS|STAI_FLAG_SCRATCHS",
      "format": "STAI_FORMAT_FLOAT",
      "id": 394,
      "intq": {},
      "is_param": false,
      "mpool_id": 0,
      "name": "conv2d_8_scratch0_array",
      "nbits": 32,
      "offset_start": 32768,
      "qmn": {},
      "shape": [
        3,
        3,
        32,
        1
      ],
      "shape_map": [
        "H",
        "W",
        "CH",
        "CH_IN"
      ],
      "size_bytes": 1152
    },
    {
      "alignment": 4,
      "batch": 0,
      "channel_first": true,
      "channel_last": false,
      "epochs": {
        "end": 1,
        "start": 0
      },
      "flags": "STAI_FLAG_WEIGHTS|STAI_FLAG_CONST|STAI_FLAG_PREALLOCATED",
      "format": "STAI_FORMAT_FLOAT",
      "id": 316,
      "intq": {},
      "is_param": true,
      "mpool_id": 1,
      "name": "conv2d_8_weights_array",
      "nbits": 32,
      "offset_start": 20736,
      "qmn": {},
      "shape": [
        32,
        3,
        3,
        32
      ],
      "shape_map": [
        "CH",
        "H",
        "W",
        "CH_IN"
      ],
      "size_bytes": 36864
    },
    {
      "alignment": 4,
      "batch": 0,
      "channel_first": true,
      "channel_last": true,
      "epochs": {
        "end": 1,
        "start": 0
      },
      "flags": "STAI_FLAG_WEIGHTS|STAI_FLAG_CONST|STAI_FLAG_PREALLOCATED",
      "format": "STAI_FORMAT_FLOAT",
      "id": 331,
      "intq": {},
      "is_param": true,
      "mpool_id": 1,
      "name": "conv2d_9_bias_array",
      "nbits": 32,
      "offset_start": 131712,
      "qmn": {},
      "shape": [
        64
      ],
      "shape_map": [
        "CH"
      ],
      "size_bytes": 256
    },
    {
      "alignment": 4,
      "batch": 0,
      "channel_first": false,
      "channel_last": true,
      "epochs": {
        "end": 34,
        "start": 30
      },
      "flags": "STAI_FLAG_PREALLOCATED|STAI_FLAG_ACTIVATIONS",
      "format": "STAI_FORMAT_FLOAT",
      "id": 258,
      "intq": {},
      "is_param": false,
      "mpool_id": 0,
      "name": "conv2d_9_output_array",
      "nbits": 32,
      "offset_start": 65536,
      "qmn": {},
      "shape": [
        16,
        16,
        64
      ],
      "shape_map": [
        "H",
        "W",
        "CH"
      ],
      "size_bytes": 65536
    },
    {
      "alignment": 4,
      "batch": 0,
      "channel_first": false,
      "channel_last": true,
      "epochs": {
        "end": 32,
        "start": 29
      },
      "flags": "STAI_FLAG_PREALLOCATED|STAI_FLAG_ACTIVATIONS|STAI_FLAG_SCRATCHS",
      "format": "STAI_FORMAT_FLOAT",
      "id": 401,
      "intq": {},
      "is_param": false,
      "mpool_id": 0,
      "name": "conv2d_9_scratch0_array",
      "nbits": 32,
      "offset_start": 0,
      "qmn": {},
      "shape": [
        3,
        3,
        32,
        1
      ],
      "shape_map": [
        "H",
        "W",
        "CH",
        "CH_IN"
      ],
      "size_bytes": 1152
    },
    {
      "alignment": 4,
      "batch": 0,
      "channel_first": true,
      "channel_last": false,
      "epochs": {
        "end": 1,
        "start": 0
      },
      "flags": "STAI_FLAG_WEIGHTS|STAI_FLAG_CONST|STAI_FLAG_PREALLOCATED",
      "format": "STAI_FORMAT_FLOAT",
      "id": 328,
      "intq": {},
      "is_param": true,
      "mpool_id": 1,
      "name": "conv2d_9_weights_array",
      "nbits": 32,
      "offset_start": 57984,
      "qmn": {},
      "shape": [
        64,
        3,
        3,
        32
      ],
      "shape_map": [
        "CH",
        "H",
        "W",
        "CH_IN"
      ],
      "size_bytes": 73728
    },
    {
      "alignment": 4,
      "batch": 0,
      "channel_first": true,
      "channel_last": true,
      "epochs": {
        "end": 1,
        "start": 0
      },
      "flags": "STAI_FLAG_WEIGHTS|STAI_FLAG_CONST|STAI_FLAG_PREALLOCATED",
      "format": "STAI_FORMAT_FLOAT",
      "id": 367,
      "intq": {},
      "is_param": true,
      "mpool_id": 1,
      "name": "dense_3_dense_bias_array",
      "nbits": 32,
      "offset_start": 708224,
      "qmn": {},
      "shape": [
        256
      ],
      "shape_map": [
        "CH"
      ],
      "size_bytes": 1024
    },
    {
      "alignment": 4,
      "batch": 0,
      "channel_first": true,
      "channel_last": true,
      "epochs": {
        "end": 64,
        "start": 61
      },
      "flags": "STAI_FLAG_PREALLOCATED|STAI_FLAG_ACTIVATIONS",
      "format": "STAI_FORMAT_FLOAT",
      "id": 284,
      "intq": {},
      "is_param": false,
      "mpool_id": 0,
      "name": "dense_3_dense_output_array",
      "nbits": 32,
      "offset_start": 512,
      "qmn": {},
      "shape": [
        256
      ],
      "shape_map": [
        "CH"
      ],
      "size_bytes": 1024
    },
    {
      "alignment": 4,
      "batch": 0,
      "channel_first": true,
      "channel_last": true,
      "epochs": {
        "end": 1,
        "start": 0
      },
      "flags": "STAI_FLAG_WEIGHTS|STAI_FLAG_CONST|STAI_FLAG_PREALLOCATED",
      "format": "STAI_FORMAT_FLOAT",
      "id": 364,
      "intq": {},
      "is_param": true,
      "mpool_id": 1,
      "name": "dense_3_dense_weights_array",
      "nbits": 32,
      "offset_start": 577152,
      "qmn": {},
      "shape": [
        256,
        128
      ],
      "shape_map": [
        "CH",
        "CH_IN"
      ],
      "size_bytes": 131072
    },
    {
      "alignment": 4,
      "batch": 0,
      "channel_first": true,
      "channel_last": true,
      "epochs": {
        "end": 66,
        "start": 63
      },
      "flags": "STAI_FLAG_PREALLOCATED|STAI_FLAG_ACTIVATIONS",
      "format": "STAI_FORMAT_FLOAT",
      "id": 286,
      "intq": {},
      "is_param": false,
      "mpool_id": 0,
      "name": "dense_3_output_array",
      "nbits": 32,
      "offset_start": 1536,
      "qmn": {},
      "shape": [
        256
      ],
      "shape_map": [
        "CH"
      ],
      "size_bytes": 1024
    },
    {
      "alignment": 4,
      "batch": 0,
      "channel_first": true,
      "channel_last": true,
      "epochs": {
        "end": 1,
        "start": 0
      },
      "flags": "STAI_FLAG_WEIGHTS|STAI_FLAG_CONST|STAI_FLAG_PREALLOCATED",
      "format": "STAI_FORMAT_FLOAT",
      "id": 373,
      "intq": {},
      "is_param": true,
      "mpool_id": 1,
      "name": "dense_4_dense_bias_array",
      "nbits": 32,
      "offset_start": 719488,
      "qmn": {},
      "shape": [
        10
      ],
      "shape_map": [
        "CH"
      ],
      "size_bytes": 40
    },
    {
      "alignment": 4,
      "batch": 0,
      "channel_first": true,
      "channel_last": true,
      "epochs": {
        "end": 68,
        "start": 65
      },
      "flags": "STAI_FLAG_PREALLOCATED|STAI_FLAG_ACTIVATIONS",
      "format": "STAI_FORMAT_FLOAT",
      "id": 288,
      "intq": {},
      "is_param": false,
      "mpool_id": 0,
      "name": "dense_4_dense_output_array",
      "nbits": 32,
      "offset_start": 0,
      "qmn": {},
      "shape": [
        10
      ],
      "shape_map": [
        "CH"
      ],
      "size_bytes": 40
    },
    {
      "alignment": 4,
      "batch": 0,
      "channel_first": true,
      "channel_last": true,
      "epochs": {
        "end": 1,
        "start": 0
      },
      "flags": "STAI_FLAG_WEIGHTS|STAI_FLAG_CONST|STAI_FLAG_PREALLOCATED",
      "format": "STAI_FORMAT_FLOAT",
      "id": 370,
      "intq": {},
      "is_param": true,
      "mpool_id": 1,
      "name": "dense_4_dense_weights_array",
      "nbits": 32,
      "offset_start": 709248,
      "qmn": {},
      "shape": [
        10,
        256
      ],
      "shape_map": [
        "CH",
        "CH_IN"
      ],
      "size_bytes": 10240
    },
    {
      "alignment": 4,
      "batch": 0,
      "channel_first": true,
      "channel_last": true,
      "epochs": {
        "end": 69,
        "start": 67
      },
      "flags": "STAI_FLAG_OUTPUTS|STAI_FLAG_PREALLOCATED|STAI_FLAG_ACTIVATIONS",
      "format": "STAI_FORMAT_FLOAT",
      "id": 290,
      "intq": {},
      "is_param": false,
      "mpool_id": 0,
      "name": "dense_4_output_array",
      "nbits": 32,
      "offset_start": 40,
      "qmn": {},
      "shape": [
        10
      ],
      "shape_map": [
        "CH"
      ],
      "size_bytes": 40
    },
    {
      "alignment": 4,
      "batch": 0,
      "channel_first": false,
      "channel_last": true,
      "epochs": {
        "end": 62,
        "start": 59
      },
      "flags": "STAI_FLAG_PREALLOCATED|STAI_FLAG_ACTIVATIONS",
      "format": "STAI_FORMAT_FLOAT",
      "id": 282,
      "intq": {},
      "is_param": false,
      "mpool_id": 0,
      "name": "global_average_pooling2d_pool_output_array",
      "nbits": 32,
      "offset_start": 0,
      "qmn": {},
      "shape": [
        1,
        1,
        128
      ],
      "shape_map": [
        "H",
        "W",
        "CH"
      ],
      "size_bytes": 512
    },
    {
      "alignment": 4,
      "batch": 0,
      "channel_first": false,
      "channel_last": true,
      "epochs": {
        "end": 5,
        "start": 2
      },
      "flags": "STAI_FLAG_INPUTS|STAI_FLAG_PREALLOCATED|STAI_FLAG_ACTIVATIONS",
      "format": "STAI_FORMAT_FLOAT",
      "id": 236,
      "intq": {},
      "is_param": false,
      "mpool_id": 0,
      "name": "input_0_output_array",
      "nbits": 32,
      "offset_start": 76160,
      "qmn": {},
      "shape": [
        32,
        32,
        3
      ],
      "shape_map": [
        "H",
        "W",
        "CH"
      ],
      "size_bytes": 12288
    },
    {
      "alignment": 4,
      "batch": 0,
      "channel_first": false,
      "channel_last": true,
      "epochs": {
        "end": 23,
        "start": 19
      },
      "flags": "STAI_FLAG_PREALLOCATED|STAI_FLAG_ACTIVATIONS",
      "format": "STAI_FORMAT_FLOAT",
      "id": 250,
      "intq": {},
      "is_param": false,
      "mpool_id": 0,
      "name": "max_pooling2d_4_output_array",
      "nbits": 32,
      "offset_start": 0,
      "qmn": {},
      "shape": [
        16,
        16,
        32
      ],
      "shape_map": [
        "H",
        "W",
        "CH"
      ],
      "size_bytes": 32768
    },
    {
      "alignment": 4,
      "batch": 0,
      "channel_first": false,
      "channel_last": true,
      "epochs": {
        "end": 41,
        "start": 37
      },
      "flags": "STAI_FLAG_PREALLOCATED|STAI_FLAG_ACTIVATIONS",
      "format": "STAI_FORMAT_FLOAT",
      "id": 264,
      "intq": {},
      "is_param": false,
      "mpool_id": 0,
      "name": "max_pooling2d_5_output_array",
      "nbits": 32,
      "offset_start": 0,
      "qmn": {},
      "shape": [
        8,
        8,
        64
      ],
      "shape_map": [
        "H",
        "W",
        "CH"
      ],
      "size_bytes": 16384
    },
    {
      "alignment": 4,
      "batch": 0,
      "channel_first": false,
      "channel_last": true,
      "epochs": {
        "end": 51,
        "start": 47
      },
      "flags": "STAI_FLAG_PREALLOCATED|STAI_FLAG_ACTIVATIONS",
      "format": "STAI_FORMAT_FLOAT",
      "id": 272,
      "intq": {},
      "is_param": false,
      "mpool_id": 0,
      "name": "max_pooling2d_6_output_array",
      "nbits": 32,
      "offset_start": 0,
      "qmn": {},
      "shape": [
        4,
        4,
        64
      ],
      "shape_map": [
        "H",
        "W",
        "CH"
      ],
      "size_bytes": 4096
    },
    {
      "alignment": 4,
      "batch": 0,
      "channel_first": false,
      "channel_last": true,
      "epochs": {
        "end": 60,
        "start": 57
      },
      "flags": "STAI_FLAG_PREALLOCATED|STAI_FLAG_ACTIVATIONS",
      "format": "STAI_FORMAT_FLOAT",
      "id": 280,
      "intq": {},
      "is_param": false,
      "mpool_id": 0,
      "name": "max_pooling2d_7_output_array",
      "nbits": 32,
      "offset_start": 8192,
      "qmn": {},
      "shape": [
        2,
        2,
        128
      ],
      "shape_map": [
        "H",
        "W",
        "CH"
      ],
      "size_bytes": 2048
    }
  ],
  "environment": {
    "generated_model": {
      "generated_time": "2025-09-20T14:54:39+0200",
      "model_files": [
        {
          "name": "cifar10_data_params.h",
          "signature": "0x9a6d205ec57a49316f4232ae7e8bd44d"
        },
        {
          "name": "cifar10_data_params.c",
          "signature": "0xc854dbbe14533e2218cbc749aa4239bf"
        },
        {
          "name": "cifar10_data.h",
          "signature": "0x39c33fe4a2a53327541a87e07ce58cf4"
        },
        {
          "name": "cifar10_data.c",
          "signature": "0xd0cfce58f0b6f1c90b895d8139bbbd5e"
        },
        {
          "name": "cifar10_config.h",
          "signature": "0x4909342489e1516222c8847155625fa7"
        },
        {
          "name": "cifar10.h",
          "signature": "0x7a6cf95929674cfc5d5e396a19892a65"
        },
        {
          "name": "cifar10.c",
          "signature": "0x32fde972ef88779d08310d223a6cd90a"
        }
      ],
      "name": "cifar10"
    },
    "network_signature": "0x21caabd4c34cbec2",
    "test_name": "",
    "tools": [
      {
        "arguments": "generate --target stm32l4 --name cifar10 -m C:/Users/marcs/OneDrive/Documents/Cours/Semestre 9/EMSE - Cours/IA_Embarquee/Initial_model_dataset/Model_initial/CIFAR10_VGG11_opt.h5 --compression none --verbosity 1 --workspace C:/Users/marcs/AppData/Local/Temp/mxAI_workspace40186275080980016299343220004178692 --output C:/Users/marcs/.stm32cubemx/cifar10_output",
        "environment": [
          "STATS_TYPE=X-CUBE-AI"
        ],
        "input_model": {
          "model_files": [
            {
              "name": "CIFAR10_VGG11_opt.h5",
              "signature": "0xcf59cce3bb23ef915aecea2aa875e829"
            }
          ],
          "n_params": 179882,
          "name": "CIFAR10_VGG11_opt",
          "size": 719528,
          "type": "keras"
        },
        "name": "ST.EdgeAI.Core",
        "version": "2.2.0-20266 2adc00962"
      }
    ]
  },
  "graphs": [
    {
      "edges": [
        {
          "buffer": 238,
          "edge_kind": "EDGE_MEMORY",
          "end": {
            "node_id": 36,
            "port": 0
          },
          "id": 0,
          "name": "n35-p0_n36-p0",
          "start": {
            "node_id": 35,
            "port": 0
          }
        },
        {
          "buffer": 240,
          "edge_kind": "EDGE_MEMORY",
          "end": {
            "node_id": 37,
            "port": 0
          },
          "id": 1,
          "name": "n36-p0_n37-p0",
          "start": {
            "node_id": 36,
            "port": 0
          }
        },
        {
          "buffer": 242,
          "edge_kind": "EDGE_MEMORY",
          "end": {
            "node_id": 38,
            "port": 0
          },
          "id": 2,
          "name": "n37-p0_n38-p0",
          "start": {
            "node_id": 37,
            "port": 0
          }
        },
        {
          "buffer": 244,
          "edge_kind": "EDGE_MEMORY",
          "end": {
            "node_id": 39,
            "port": 0
          },
          "id": 3,
          "name": "n38-p0_n39-p0",
          "start": {
            "node_id": 38,
            "port": 0
          }
        },
        {
          "buffer": 246,
          "edge_kind": "EDGE_MEMORY",
          "end": {
            "node_id": 40,
            "port": 0
          },
          "id": 4,
          "name": "n39-p0_n40-p0",
          "start": {
            "node_id": 39,
            "port": 0
          }
        },
        {
          "buffer": 248,
          "edge_kind": "EDGE_MEMORY",
          "end": {
            "node_id": 41,
            "port": 0
          },
          "id": 5,
          "name": "n40-p0_n41-p0",
          "start": {
            "node_id": 40,
            "port": 0
          }
        },
        {
          "buffer": 250,
          "edge_kind": "EDGE_MEMORY",
          "end": {
            "node_id": 42,
            "port": 0
          },
          "id": 6,
          "name": "n41-p0_n42-p0",
          "start": {
            "node_id": 41,
            "port": 0
          }
        },
        {
          "buffer": 252,
          "edge_kind": "EDGE_MEMORY",
          "end": {
            "node_id": 43,
            "port": 0
          },
          "id": 7,
          "name": "n42-p0_n43-p0",
          "start": {
            "node_id": 42,
            "port": 0
          }
        },
        {
          "buffer": 254,
          "edge_kind": "EDGE_MEMORY",
          "end": {
            "node_id": 44,
            "port": 0
          },
          "id": 8,
          "name": "n43-p0_n44-p0",
          "start": {
            "node_id": 43,
            "port": 0
          }
        },
        {
          "buffer": 256,
          "edge_kind": "EDGE_MEMORY",
          "end": {
            "node_id": 45,
            "port": 0
          },
          "id": 9,
          "name": "n44-p0_n45-p0",
          "start": {
            "node_id": 44,
            "port": 0
          }
        },
        {
          "buffer": 258,
          "edge_kind": "EDGE_MEMORY",
          "end": {
            "node_id": 46,
            "port": 0
          },
          "id": 10,
          "name": "n45-p0_n46-p0",
          "start": {
            "node_id": 45,
            "port": 0
          }
        },
        {
          "buffer": 260,
          "edge_kind": "EDGE_MEMORY",
          "end": {
            "node_id": 47,
            "port": 0
          },
          "id": 11,
          "name": "n46-p0_n47-p0",
          "start": {
            "node_id": 46,
            "port": 0
          }
        },
        {
          "buffer": 262,
          "edge_kind": "EDGE_MEMORY",
          "end": {
            "node_id": 48,
            "port": 0
          },
          "id": 12,
          "name": "n47-p0_n48-p0",
          "start": {
            "node_id": 47,
            "port": 0
          }
        },
        {
          "buffer": 264,
          "edge_kind": "EDGE_MEMORY",
          "end": {
            "node_id": 49,
            "port": 0
          },
          "id": 13,
          "name": "n48-p0_n49-p0",
          "start": {
            "node_id": 48,
            "port": 0
          }
        },
        {
          "buffer": 266,
          "edge_kind": "EDGE_MEMORY",
          "end": {
            "node_id": 50,
            "port": 0
          },
          "id": 14,
          "name": "n49-p0_n50-p0",
          "start": {
            "node_id": 49,
            "port": 0
          }
        },
        {
          "buffer": 268,
          "edge_kind": "EDGE_MEMORY",
          "end": {
            "node_id": 51,
            "port": 0
          },
          "id": 15,
          "name": "n50-p0_n51-p0",
          "start": {
            "node_id": 50,
            "port": 0
          }
        },
        {
          "buffer": 270,
          "edge_kind": "EDGE_MEMORY",
          "end": {
            "node_id": 52,
            "port": 0
          },
          "id": 16,
          "name": "n51-p0_n52-p0",
          "start": {
            "node_id": 51,
            "port": 0
          }
        },
        {
          "buffer": 272,
          "edge_kind": "EDGE_MEMORY",
          "end": {
            "node_id": 53,
            "port": 0
          },
          "id": 17,
          "name": "n52-p0_n53-p0",
          "start": {
            "node_id": 52,
            "port": 0
          }
        },
        {
          "buffer": 274,
          "edge_kind": "EDGE_MEMORY",
          "end": {
            "node_id": 54,
            "port": 0
          },
          "id": 18,
          "name": "n53-p0_n54-p0",
          "start": {
            "node_id": 53,
            "port": 0
          }
        },
        {
          "buffer": 276,
          "edge_kind": "EDGE_MEMORY",
          "end": {
            "node_id": 55,
            "port": 0
          },
          "id": 19,
          "name": "n54-p0_n55-p0",
          "start": {
            "node_id": 54,
            "port": 0
          }
        },
        {
          "buffer": 278,
          "edge_kind": "EDGE_MEMORY",
          "end": {
            "node_id": 56,
            "port": 0
          },
          "id": 20,
          "name": "n55-p0_n56-p0",
          "start": {
            "node_id": 55,
            "port": 0
          }
        },
        {
          "buffer": 280,
          "edge_kind": "EDGE_MEMORY",
          "end": {
            "node_id": 57,
            "port": 0
          },
          "id": 21,
          "name": "n56-p0_n57-p0",
          "start": {
            "node_id": 56,
            "port": 0
          }
        },
        {
          "buffer": 282,
          "edge_kind": "EDGE_MEMORY",
          "end": {
            "node_id": 58,
            "port": 0
          },
          "id": 22,
          "name": "n57-p0_n58-p0",
          "start": {
            "node_id": 57,
            "port": 0
          }
        },
        {
          "buffer": 284,
          "edge_kind": "EDGE_MEMORY",
          "end": {
            "node_id": 59,
            "port": 0
          },
          "id": 23,
          "name": "n58-p0_n59-p0",
          "start": {
            "node_id": 58,
            "port": 0
          }
        },
        {
          "buffer": 286,
          "edge_kind": "EDGE_MEMORY",
          "end": {
            "node_id": 60,
            "port": 0
          },
          "id": 24,
          "name": "n59-p0_n60-p0",
          "start": {
            "node_id": 59,
            "port": 0
          }
        },
        {
          "buffer": 288,
          "edge_kind": "EDGE_MEMORY",
          "end": {
            "node_id": 61,
            "port": 0
          },
          "id": 25,
          "name": "n60-p0_n61-p0",
          "start": {
            "node_id": 60,
            "port": 0
          }
        }
      ],
      "id": 0,
      "inputs": [
        236
      ],
      "name": "CIFAR10_VGG11_opt",
      "nodes": [
        {
          "attributes": {
            "dilation": "{H: 1, W: 1}",
            "filter_size": "(3, 3)",
            "groups": "1",
            "is_depthwise": "False",
            "is_grouped_conv": "False",
            "num_filters": "16",
            "pad": "{H: (1, 1), W: (1, 1)}",
            "pad_strategy": "same",
            "pad_value": "0",
            "stride": "(1, 1)",
            "use_bias": "True",
            "weights_prefetch": "True"
          },
          "description": "Conv2D",
          "id": 35,
          "inputs": [
            236,
            292,
            295
          ],
          "macc": 442384,
          "mapping": "NODE_SW",
          "name": "conv2d_6",
          "original_nodes": [
            "0"
          ],
          "outputs": [
            238
          ],
          "scratchs": [
            380
          ],
          "subgraph_nodes": [],
          "sw_functions": [
            "forward_conv2d_if32of32wf32"
          ]
        },
        {
          "attributes": {
            "nonlinearity": "relu"
          },
          "description": "Nonlinearity",
          "id": 36,
          "inputs": [
            238
          ],
          "macc": 16384,
          "mapping": "NODE_SW",
          "name": "activation_6",
          "original_nodes": [
            "1"
          ],
          "outputs": [
            240
          ],
          "scratchs": [],
          "subgraph_nodes": [],
          "sw_functions": [
            "forward_relu"
          ]
        },
        {
          "attributes": {
            "dl_axis": "-1",
            "ir_axis": "CH",
            "use_bias": "True"
          },
          "description": "ScaleBias",
          "id": 37,
          "inputs": [
            240,
            298,
            301
          ],
          "macc": 32768,
          "mapping": "NODE_SW",
          "name": "batch_normalization_6",
          "original_nodes": [
            "2"
          ],
          "outputs": [
            242
          ],
          "scratchs": [],
          "subgraph_nodes": [],
          "sw_functions": [
            "forward_bn"
          ]
        },
        {
          "attributes": {
            "dilation": "{H: 1, W: 1}",
            "filter_size": "(3, 3)",
            "groups": "1",
            "is_depthwise": "False",
            "is_grouped_conv": "False",
            "num_filters": "32",
            "pad": "{H: (1, 1), W: (1, 1)}",
            "pad_strategy": "same",
            "pad_value": "0",
            "stride": "(1, 1)",
            "use_bias": "True",
            "weights_prefetch": "True"
          },
          "description": "Conv2D",
          "id": 38,
          "inputs": [
            242,
            304,
            307
          ],
          "macc": 4718624,
          "mapping": "NODE_SW",
          "name": "conv2d_7",
          "original_nodes": [
            "3"
          ],
          "outputs": [
            244
          ],
          "scratchs": [
            387
          ],
          "subgraph_nodes": [],
          "sw_functions": [
            "forward_conv2d_if32of32wf32"
          ]
        },
        {
          "attributes": {
            "nonlinearity": "relu"
          },
          "description": "Nonlinearity",
          "id": 39,
          "inputs": [
            244
          ],
          "macc": 32768,
          "mapping": "NODE_SW",
          "name": "activation_7",
          "original_nodes": [
            "4"
          ],
          "outputs": [
            246
          ],
          "scratchs": [],
          "subgraph_nodes": [],
          "sw_functions": [
            "forward_relu"
          ]
        },
        {
          "attributes": {
            "dl_axis": "-1",
            "ir_axis": "CH",
            "use_bias": "True"
          },
          "description": "ScaleBias",
          "id": 40,
          "inputs": [
            246,
            310,
            313
          ],
          "macc": 65536,
          "mapping": "NODE_SW",
          "name": "batch_normalization_7",
          "original_nodes": [
            "6"
          ],
          "outputs": [
            248
          ],
          "scratchs": [],
          "subgraph_nodes": [],
          "sw_functions": [
            "forward_bn"
          ]
        },
        {
          "attributes": {
            "ceil_mode": "floor",
            "pool_function": "max",
            "pool_pad": "{H: (0, 0), W: (0, 0)}",
            "pool_size": "(2, 2)",
            "pool_stride": "(2, 2)"
          },
          "description": "Pool",
          "id": 41,
          "inputs": [
            248
          ],
          "macc": 32768,
          "mapping": "NODE_SW",
          "name": "max_pooling2d_4",
          "original_nodes": [
            "7"
          ],
          "outputs": [
            250
          ],
          "scratchs": [],
          "subgraph_nodes": [],
          "sw_functions": [
            "forward_mp"
          ]
        },
        {
          "attributes": {
            "dilation": "{H: 1, W: 1}",
            "filter_size": "(3, 3)",
            "groups": "1",
            "is_depthwise": "False",
            "is_grouped_conv": "False",
            "num_filters": "32",
            "pad": "{H: (1, 1), W: (1, 1)}",
            "pad_strategy": "same",
            "pad_value": "0",
            "stride": "(1, 1)",
            "use_bias": "True",
            "weights_prefetch": "True"
          },
          "description": "Conv2D",
          "id": 42,
          "inputs": [
            250,
            316,
            319
          ],
          "macc": 2359328,
          "mapping": "NODE_SW",
          "name": "conv2d_8",
          "original_nodes": [
            "8"
          ],
          "outputs": [
            252
          ],
          "scratchs": [
            394
          ],
          "subgraph_nodes": [],
          "sw_functions": [
            "forward_conv2d_if32of32wf32"
          ]
        },
        {
          "attributes": {
            "nonlinearity": "relu"
          },
          "description": "Nonlinearity",
          "id": 43,
          "inputs": [
            252
          ],
          "macc": 8192,
          "mapping": "NODE_SW",
          "name": "activation_8",
          "original_nodes": [
            "9"
          ],
          "outputs": [
            254
          ],
          "scratchs": [],
          "subgraph_nodes": [],
          "sw_functions": [
            "forward_relu"
          ]
        },
        {
          "attributes": {
            "dl_axis": "-1",
            "ir_axis": "CH",
            "use_bias": "True"
          },
          "description": "ScaleBias",
          "id": 44,
          "inputs": [
            254,
            322,
            325
          ],
          "macc": 16384,
          "mapping": "NODE_SW",
          "name": "batch_normalization_8",
          "original_nodes": [
            "10"
          ],
          "outputs": [
            256
          ],
          "scratchs": [],
          "subgraph_nodes": [],
          "sw_functions": [
            "forward_bn"
          ]
        },
        {
          "attributes": {
            "dilation": "{H: 1, W: 1}",
            "filter_size": "(3, 3)",
            "groups": "1",
            "is_depthwise": "False",
            "is_grouped_conv": "False",
            "num_filters": "64",
            "pad": "{H: (1, 1), W: (1, 1)}",
            "pad_strategy": "same",
            "pad_value": "0",
            "stride": "(1, 1)",
            "use_bias": "True",
            "weights_prefetch": "True"
          },
          "description": "Conv2D",
          "id": 45,
          "inputs": [
            256,
            328,
            331
          ],
          "macc": 4718656,
          "mapping": "NODE_SW",
          "name": "conv2d_9",
          "original_nodes": [
            "11"
          ],
          "outputs": [
            258
          ],
          "scratchs": [
            401
          ],
          "subgraph_nodes": [],
          "sw_functions": [
            "forward_conv2d_if32of32wf32"
          ]
        },
        {
          "attributes": {
            "nonlinearity": "relu"
          },
          "description": "Nonlinearity",
          "id": 46,
          "inputs": [
            258
          ],
          "macc": 16384,
          "mapping": "NODE_SW",
          "name": "activation_9",
          "original_nodes": [
            "12"
          ],
          "outputs": [
            260
          ],
          "scratchs": [],
          "subgraph_nodes": [],
          "sw_functions": [
            "forward_relu"
          ]
        },
        {
          "attributes": {
            "dl_axis": "-1",
            "ir_axis": "CH",
            "use_bias": "True"
          },
          "description": "ScaleBias",
          "id": 47,
          "inputs": [
            260,
            334,
            337
          ],
          "macc": 32768,
          "mapping": "NODE_SW",
          "name": "batch_normalization_9",
          "original_nodes": [
            "14"
          ],
          "outputs": [
            262
          ],
          "scratchs": [],
          "subgraph_nodes": [],
          "sw_functions": [
            "forward_bn"
          ]
        },
        {
          "attributes": {
            "ceil_mode": "floor",
            "pool_function": "max",
            "pool_pad": "{H: (0, 0), W: (0, 0)}",
            "pool_size": "(2, 2)",
            "pool_stride": "(2, 2)"
          },
          "description": "Pool",
          "id": 48,
          "inputs": [
            262
          ],
          "macc": 16384,
          "mapping": "NODE_SW",
          "name": "max_pooling2d_5",
          "original_nodes": [
            "15"
          ],
          "outputs": [
            264
          ],
          "scratchs": [],
          "subgraph_nodes": [],
          "sw_functions": [
            "forward_mp"
          ]
        },
        {
          "attributes": {
            "dilation": "{H: 1, W: 1}",
            "filter_size": "(3, 3)",
            "groups": "1",
            "is_depthwise": "False",
            "is_grouped_conv": "False",
            "num_filters": "64",
            "pad": "{H: (1, 1), W: (1, 1)}",
            "pad_strategy": "same",
            "pad_value": "0",
            "stride": "(1, 1)",
            "use_bias": "True",
            "weights_prefetch": "True"
          },
          "description": "Conv2D",
          "id": 49,
          "inputs": [
            264,
            340,
            343
          ],
          "macc": 2359360,
          "mapping": "NODE_SW",
          "name": "conv2d_10",
          "original_nodes": [
            "16"
          ],
          "outputs": [
            266
          ],
          "scratchs": [
            408
          ],
          "subgraph_nodes": [],
          "sw_functions": [
            "forward_conv2d_if32of32wf32"
          ]
        },
        {
          "attributes": {
            "nonlinearity": "relu"
          },
          "description": "Nonlinearity",
          "id": 50,
          "inputs": [
            266
          ],
          "macc": 4096,
          "mapping": "NODE_SW",
          "name": "activation_10",
          "original_nodes": [
            "17"
          ],
          "outputs": [
            268
          ],
          "scratchs": [],
          "subgraph_nodes": [],
          "sw_functions": [
            "forward_relu"
          ]
        },
        {
          "attributes": {
            "dl_axis": "-1",
            "ir_axis": "CH",
            "use_bias": "True"
          },
          "description": "ScaleBias",
          "id": 51,
          "inputs": [
            268,
            346,
            349
          ],
          "macc": 8192,
          "mapping": "NODE_SW",
          "name": "batch_normalization_10",
          "original_nodes": [
            "19"
          ],
          "outputs": [
            270
          ],
          "scratchs": [],
          "subgraph_nodes": [],
          "sw_functions": [
            "forward_bn"
          ]
        },
        {
          "attributes": {
            "ceil_mode": "floor",
            "pool_function": "max",
            "pool_pad": "{H: (0, 0), W: (0, 0)}",
            "pool_size": "(2, 2)",
            "pool_stride": "(2, 2)"
          },
          "description": "Pool",
          "id": 52,
          "inputs": [
            270
          ],
          "macc": 4096,
          "mapping": "NODE_SW",
          "name": "max_pooling2d_6",
          "original_nodes": [
            "20"
          ],
          "outputs": [
            272
          ],
          "scratchs": [],
          "subgraph_nodes": [],
          "sw_functions": [
            "forward_mp"
          ]
        },
        {
          "attributes": {
            "dilation": "{H: 1, W: 1}",
            "filter_size": "(3, 3)",
            "groups": "1",
            "is_depthwise": "False",
            "is_grouped_conv": "False",
            "num_filters": "128",
            "pad": "{H: (1, 1), W: (1, 1)}",
            "pad_strategy": "same",
            "pad_value": "0",
            "stride": "(1, 1)",
            "use_bias": "True",
            "weights_prefetch": "True"
          },
          "description": "Conv2D",
          "id": 53,
          "inputs": [
            272,
            352,
            355
          ],
          "macc": 1179776,
          "mapping": "NODE_SW",
          "name": "conv2d_11",
          "original_nodes": [
            "21"
          ],
          "outputs": [
            274
          ],
          "scratchs": [
            415
          ],
          "subgraph_nodes": [],
          "sw_functions": [
            "forward_conv2d_if32of32wf32"
          ]
        },
        {
          "attributes": {
            "nonlinearity": "relu"
          },
          "description": "Nonlinearity",
          "id": 54,
          "inputs": [
            274
          ],
          "macc": 2048,
          "mapping": "NODE_SW",
          "name": "activation_11",
          "original_nodes": [
            "22"
          ],
          "outputs": [
            276
          ],
          "scratchs": [],
          "subgraph_nodes": [],
          "sw_functions": [
            "forward_relu"
          ]
        },
        {
          "attributes": {
            "dl_axis": "-1",
            "ir_axis": "CH",
            "use_bias": "True"
          },
          "description": "ScaleBias",
          "id": 55,
          "inputs": [
            276,
            358,
            361
          ],
          "macc": 4096,
          "mapping": "NODE_SW",
          "name": "batch_normalization_11",
          "original_nodes": [
            "24"
          ],
          "outputs": [
            278
          ],
          "scratchs": [],
          "subgraph_nodes": [],
          "sw_functions": [
            "forward_bn"
          ]
        },
        {
          "attributes": {
            "ceil_mode": "floor",
            "pool_function": "max",
            "pool_pad": "{H: (0, 0), W: (0, 0)}",
            "pool_size": "(2, 2)",
            "pool_stride": "(2, 2)"
          },
          "description": "Pool",
          "id": 56,
          "inputs": [
            278
          ],
          "macc": 2048,
          "mapping": "NODE_SW",
          "name": "max_pooling2d_7",
          "original_nodes": [
            "25"
          ],
          "outputs": [
            280
          ],
          "scratchs": [],
          "subgraph_nodes": [],
          "sw_functions": [
            "forward_mp"
          ]
        },
        {
          "attributes": {
            "pool_function": "avg",
            "pool_pad": "{H: (0, 0), W: (0, 0)}",
            "pool_size": "(2, 2)",
            "pool_stride": "(2, 2)"
          },
          "description": "Pool",
          "id": 57,
          "inputs": [
            280
          ],
          "macc": 512,
          "mapping": "NODE_SW",
          "name": "global_average_pooling2d_pool",
          "original_nodes": [
            "26"
          ],
          "outputs": [
            282
          ],
          "scratchs": [],
          "subgraph_nodes": [],
          "sw_functions": [
            "forward_ap"
          ]
        },
        {
          "attributes": {
            "num_units": "256",
            "use_bias": "True"
          },
          "description": "Dense",
          "id": 58,
          "inputs": [
            282,
            364,
            367
          ],
          "macc": 33024,
          "mapping": "NODE_SW",
          "name": "dense_3_dense",
          "original_nodes": [
            "27"
          ],
          "outputs": [
            284
          ],
          "scratchs": [],
          "subgraph_nodes": [],
          "sw_functions": [
            "forward_dense"
          ]
        },
        {
          "attributes": {
            "nonlinearity": "relu"
          },
          "description": "Nonlinearity",
          "id": 59,
          "inputs": [
            284
          ],
          "macc": 256,
          "mapping": "NODE_SW",
          "name": "dense_3",
          "original_nodes": [
            "27"
          ],
          "outputs": [
            286
          ],
          "scratchs": [],
          "subgraph_nodes": [],
          "sw_functions": [
            "forward_relu"
          ]
        },
        {
          "attributes": {
            "num_units": "10",
            "use_bias": "True"
          },
          "description": "Dense",
          "id": 60,
          "inputs": [
            286,
            370,
            373
          ],
          "macc": 2570,
          "mapping": "NODE_SW",
          "name": "dense_4_dense",
          "original_nodes": [
            "29"
          ],
          "outputs": [
            288
          ],
          "scratchs": [],
          "subgraph_nodes": [],
          "sw_functions": [
            "forward_dense"
          ]
        },
        {
          "attributes": {
            "axis": "CH",
            "nonlinearity": "softmax",
            "orig_axis": "-1"
          },
          "description": "Nonlinearity",
          "id": 61,
          "inputs": [
            288
          ],
          "macc": 150,
          "mapping": "NODE_SW",
          "name": "dense_4",
          "original_nodes": [
            "29"
          ],
          "outputs": [
            290
          ],
          "scratchs": [],
          "subgraph_nodes": [],
          "sw_functions": [
            "forward_sm"
          ]
        }
      ],
      "original_inputs": [
        {
          "c_shape_map": [],
          "data_format": {
            "quantizer": "NONE",
            "scale": [],
            "size": 32,
            "type": "FLOAT",
            "zero": []
          },
          "name": "input_0",
          "shape": [
            null,
            32,
            32,
            3
          ],
          "shape_map": [
            "BATCH",
            "H",
            "W",
            "CH"
          ]
        }
      ],
      "original_outputs": [
        {
          "c_shape_map": [],
          "data_format": {
            "quantizer": "NONE",
            "scale": [],
            "size": 32,
            "type": "FLOAT",
            "zero": []
          },
          "name": "dense_4",
          "shape": [
            1,
            10
          ],
          "shape_map": [
            "BATCH",
            "CH"
          ]
        }
      ],
      "outputs": [
        290
      ]
    }
  ],
  "json_schema_version": "2.0",
  "memory_footprint": {
    "activations": 142272,
    "io": [
      0,
      0
    ],
    "kernel_flash": 20594,
    "kernel_ram": 8312,
    "series": "stm32l4",
    "toolchain": "arm-none-eabi-gcc (GNU Tools for STM32 13.3.rel1.20240926-1715) 13.3.1 20240614",
    "toolchain_flash": 638,
    "toolchain_ram": 0,
    "weights": 719528
  },
  "memory_pools": [
    {
      "address": "NULL",
      "alignment": 4,
      "attributes": {
        "latency": "HIGH",
        "score": 768,
        "throughput": "LOW"
      },
      "buffers": [
        236,
        238,
        240,
        242,
        244,
        246,
        248,
        250,
        252,
        254,
        256,
        258,
        260,
        262,
        264,
        266,
        268,
        270,
        272,
        274,
        276,
        278,
        280,
        282,
        284,
        286,
        288,
        290,
        380,
        387,
        394,
        401,
        408,
        415
      ],
      "id": 0,
      "name": "heap_overlay_pool",
      "offset_start": 0,
      "persistent": false,
      "rights": "ACC_WRITE",
      "size_bytes": -1,
      "subpools": [],
      "used_size_bytes": 142272,
      "user_allocated": false,
      "virtual": false
    },
    {
      "address": "s_cifar10_weights_array_u64",
      "alignment": 0,
      "attributes": {
        "latency": "UNDEF",
        "score": 0,
        "throughput": "UNDEF"
      },
      "buffers": [
        292,
        295,
        298,
        301,
        304,
        307,
        310,
        313,
        316,
        319,
        322,
        325,
        328,
        331,
        334,
        337,
        340,
        343,
        346,
        349,
        352,
        355,
        358,
        361,
        364,
        367,
        370,
        373
      ],
      "id": 1,
      "name": "weights_array",
      "offset_start": 0,
      "persistent": true,
      "rights": "ACC_READ",
      "size_bytes": -1,
      "subpools": [],
      "used_size_bytes": 719528,
      "user_allocated": false,
      "virtual": false
    }
  ]
}